{
    "primary_algorithm": "composite_strategy",
    "backup_algorithm": "ema_cross_strategy",
    "composite_indicator": {
        "enabled": true,
        "indicators": ["rsi", "macd", "bbands", "ema_cross", "adx", "volume_trend"],
        "weights": {
            "rsi": 0.25,
            "macd": 0.25,
            "bbands": 0.15,
            "ema_cross": 0.20,
            "adx": 0.10,
            "volume_trend": 0.05
        },
        "dynamic_weights": true,
        "lookback_period": 20
    },
    "market_regime": {
        "enabled": true,
        "default_regime": "neutral",
        "regimes": {
            "trending": {
                "description": "Thị trường đang trong xu hướng mạnh, giá di chuyển theo một hướng rõ ràng, nên ưu tiên chiến thuật theo xu hướng.",
                "strategies": ["macd_strategy", "ema_cross_strategy", "adx_strategy", "rsi_strategy"],
                "weights": [0.35, 0.30, 0.25, 0.10]
            },
            "volatile": {
                "description": "Thị trường đang biến động mạnh với những bước nhảy giá lớn, nên ưu tiên chiến thuật với stop loss rộng hơn.",
                "strategies": ["adx_strategy", "bollinger_strategy", "volume_strategy", "macd_strategy"],
                "weights": [0.30, 0.25, 0.25, 0.20]
            },
            "ranging": {
                "description": "Thị trường đang trong vùng sideway, giá dao động trong phạm vi hẹp, nên ưu tiên chiến thuật range-bound.",
                "strategies": ["bollinger_strategy", "rsi_strategy", "volume_strategy", "macd_strategy"],
                "weights": [0.40, 0.30, 0.20, 0.10]
            },
            "quiet": {
                "description": "Thị trường đang yên ắng với biến động thấp, nên cẩn thận với các tín hiệu yếu hoặc giả.",
                "strategies": ["bollinger_strategy", "volume_strategy", "rsi_strategy", "macd_strategy"],
                "weights": [0.35, 0.30, 0.20, 0.15]
            },
            "neutral": {
                "description": "Không xác định được rõ ràng chế độ thị trường, sử dụng hỗn hợp các chiến thuật.",
                "strategies": ["macd_strategy", "rsi_strategy", "bollinger_strategy", "ema_cross_strategy"],
                "weights": [0.25, 0.25, 0.25, 0.25]
            }
        }
    },
    "risk_management": {
        "default_risk_per_trade": 0.7,
        "max_risk_per_day": 3.0,
        "max_open_positions": 3,
        "max_positions_per_symbol": 1,
        "market_volatility_adjustment": true,
        "stop_loss_atr_multiplier": 1.5,
        "take_profit_atr_multiplier": 2.0,
        "trailing_stop_enabled": true,
        "trailing_stop_activation": 1.0,
        "trailing_stop_callback": 0.5,
        "min_profit_to_adjust_stop": 0.5,
        "position_sizing_method": "risk_based",
        "enable_partial_take_profit": true,
        "max_consecutive_losses": 3,
        "reduce_position_size_after_loss": true,
        "position_size_reduction_factor": 0.5
    },
    "signal_filters": {
        "min_signal_strength": 0.3,
        "multi_timeframe_confirmation": true,
        "filter_by_market_regime": true,
        "min_volume_percentile": 20,
        "ignore_overbought_oversold": false
    },
    "algorithms": {
        "rsi_strategy": {
            "parameters": {
                "rsi_period": 14,
                "rsi_overbought": 70,
                "rsi_oversold": 30,
                "use_divergence": true
            },
            "market_regimes": {
                "trending": {"weight": 0.1, "parameters": {"rsi_period": 21}},
                "volatile": {"weight": 0.2, "parameters": {"rsi_period": 14}},
                "ranging": {"weight": 0.3, "parameters": {"rsi_period": 14}}
            }
        },
        "macd_strategy": {
            "parameters": {
                "fast_period": 12,
                "slow_period": 26,
                "signal_period": 9,
                "use_histogram": true
            },
            "market_regimes": {
                "trending": {"weight": 0.35, "parameters": {}},
                "volatile": {"weight": 0.2, "parameters": {}},
                "ranging": {"weight": 0.1, "parameters": {}}
            }
        },
        "bollinger_strategy": {
            "parameters": {
                "bb_period": 20,
                "bb_std": 2.0,
                "use_bb_width": true,
                "squeeze_threshold": 0.05
            },
            "market_regimes": {
                "trending": {"weight": 0.15, "parameters": {}},
                "volatile": {"weight": 0.25, "parameters": {"bb_std": 2.5}},
                "ranging": {"weight": 0.4, "parameters": {"bb_std": 1.8}}
            }
        },
        "ema_cross_strategy": {
            "parameters": {
                "fast_ema": 10,
                "slow_ema": 50,
                "use_price_distance": true
            },
            "market_regimes": {
                "trending": {"weight": 0.3, "parameters": {}},
                "volatile": {"weight": 0.15, "parameters": {}},
                "ranging": {"weight": 0.1, "parameters": {}}
            }
        },
        "adx_strategy": {
            "parameters": {
                "adx_period": 14,
                "adx_threshold": 25,
                "use_di_cross": true
            },
            "market_regimes": {
                "trending": {"weight": 0.25, "parameters": {}},
                "volatile": {"weight": 0.3, "parameters": {"adx_threshold": 30}},
                "ranging": {"weight": 0.05, "parameters": {}}
            }
        },
        "volume_strategy": {
            "parameters": {
                "volume_period": 20,
                "volume_threshold": 1.5,
                "use_obv": true
            },
            "market_regimes": {
                "trending": {"weight": 0.1, "parameters": {}},
                "volatile": {"weight": 0.25, "parameters": {}},
                "ranging": {"weight": 0.2, "parameters": {}}
            }
        }
    },
    "multi_timeframe": {
        "enabled": true,
        "timeframes": ["1h", "4h", "1d"],
        "weights": [0.4, 0.3, 0.3]
    },
    "last_updated": "2025-03-04 23:44:00"
}