{
    "description": "Cấu hình cho giai đoạn tối ưu hóa",
    "backtest_settings": {
        "trade_fee": 0.075,
        "slippage": 0.05,
        "risk_per_trade": 1.0,
        "leverage": 5,
        "max_positions": 4,
        "mode": "futures"
    },
    "ai_settings": {
        "exploration_rate": 0.4,
        "ai_weight": 0.2,
        "confidence_threshold": 0.65
    },
    "training_parameters": {
        "batch_size": 64,
        "learning_rate": 0.0005,
        "epochs": 100,
        "validation_split": 0.2,
        "early_stopping_patience": 10
    },
    "market_indicators": {
        "use_rsi": true,
        "use_macd": true,
        "use_bbands": true,
        "use_ema_cross": true,
        "use_volume_analysis": true,
        "use_adx": true,
        "use_stochastic": true
    },
    "strategy_weights": {
        "rsi_strategy": 0.20,
        "macd_strategy": 0.20,
        "bbands_strategy": 0.20,
        "ema_strategy": 0.20,
        "volume_strategy": 0.10,
        "adx_strategy": 0.10
    },
    "market_regime_adjustments": {
        "trending": {
            "ai_weight": 0.15,
            "tp_multiplier": 3.0,
            "sl_multiplier": 1.0,
            "strategy_overrides": {
                "ema_strategy": 0.35,
                "adx_strategy": 0.25
            }
        },
        "ranging": {
            "ai_weight": 0.2,
            "tp_multiplier": 2.0,
            "sl_multiplier": 1.0,
            "strategy_overrides": {
                "bbands_strategy": 0.35,
                "rsi_strategy": 0.30
            }
        },
        "volatile": {
            "ai_weight": 0.3,
            "tp_multiplier": 2.5,
            "sl_multiplier": 1.5,
            "strategy_overrides": {
                "volume_strategy": 0.25,
                "bbands_strategy": 0.25
            }
        }
    },
    "trade_exit_conditions": {
        "take_profit_multiplier": 2.5,
        "stop_loss_multiplier": 1.0,
        "trailing_stop_activation": 0.6,
        "trailing_stop_callback": 0.3,
        "max_trade_duration_hours": 36
    },
    "optimization_algorithm": {
        "method": "bayesian",
        "iterations": 50,
        "parameters_to_optimize": [
            "risk_per_trade",
            "take_profit_multiplier",
            "stop_loss_multiplier",
            "ai_weight",
            "trailing_stop_activation"
        ],
        "objective_metric": "sharpe_ratio"
    },
    "reporting": {
        "generate_detailed_trade_log": true,
        "save_model_checkpoints": true,
        "performance_metrics": [
            "win_rate",
            "roi",
            "profit_factor",
            "max_drawdown",
            "sharpe_ratio",
            "sortino_ratio",
            "average_trade_duration",
            "volatility",
            "drawdown_recovery_time"
        ]
    }
}