{
    "api_mode": "testnet",
    "account_type": "futures",
    "symbols": [
        "BTCUSDT",
        "ETHUSDT",
        "BNBUSDT",
        "SOLUSDT",
        "ADAUSDT",
        "XRPUSDT",
        "LINKUSDT",
        "AVAXUSDT",
        "DOTUSDT",
        "MATICUSDT",
        "LTCUSDT",
        "DOGEUSDT",
        "ATOMUSDT",
        "UNIUSDT"
    ],
    "timeframes": [
        "1m",
        "5m",
        "15m",
        "1h",
        "4h",
        "1d"
    ],
    "leverage": 10,
    "max_leverage": 20,
    "min_leverage": 3,
    "dynamic_leverage": true,
    "risk_per_trade": 1.0,
    "strategy_mode": "auto",
    "risk_profile": "medium",
    "api_key": "3d53f46cd9e83920b8104fc1106a12ceed12fae904b2299068a586a10ed34c30",
    "api_secret": "289fb54917bee9d5dd43a14dd2ed62716c66a6f7b60c283cb15867abc7d2bb8b",
    "enable_stop_loss": true,
    "enable_take_profit": true,
    "enable_trailing_stop": true,
    "max_open_positions": "3",
    "max_daily_trades": "10",
    "max_drawdown": "5",
    "auto_restart_enabled": true,
    "log_ip_activity": true,
    "telegram_enabled": true,
    "telegram_bot_token": "8069189803:AAF3PJc3BNQgZmpQ2Oj7o0-ySJGmi2AQ9OM",
    "telegram_chat_id": "1834332146",
    "notify_new_trades": true,
    "notify_closed_trades": true,
    "notify_error_status": true,
    "notify_daily_summary": true,
    "notify_profit_threshold": 5.0,
    "notify_loss_threshold": 3.0,
    "dynamic_stop_loss": true,
    "dynamic_take_profit": true,
    "atr_multiplier_sl": 1.5,
    "atr_multiplier_tp": 2.0,
    "last_modified": "2025-03-05"
}