timestamp,open,high,low,close,volume,close_time,quote_asset_volume,number_of_trades,taker_buy_base_asset_volume,taker_buy_quote_asset_volume,ignore
2024-12-09 20:00:00,107.9,122.8,101.0,105.6,6195.56,1733788799999,651568.96060,22,1184.645,145463.25540,0
2024-12-10 00:00:00,101.0,101.0,101.0,101.0,45.153,1733803199999,4560.45300,3,0,0,0
2024-12-10 04:00:00,101.0,122.8,101.0,113.0,2026.976,1733817599999,226946.13960,22,1473.169,171011.63260,0
2024-12-10 08:00:00,113.0,113.0,101.0,102.1,866.205,1733831999999,97637.15520,20,864.127,97426.35100,0
2024-12-10 12:00:00,101.0,113.1,101.0,101.1,3088.379,1733846399999,335445.94540,24,1956.034,221031.88620,0
2024-12-10 16:00:00,101.1,101.6,101.1,101.2,1995.265,1733860799999,201723.88400,10,4.945,502.41200,0
2024-12-10 20:00:00,110.0,110.0,101.0,101.0,626.726,1733875199999,63320.89480,13,0.272,29.92000,0
2024-12-11 00:00:00,101.0,101.0,101.0,101.0,24.503,1733889599999,2474.80300,5,0,0,0
2024-12-11 04:00:00,109.7,109.7,101.0,101.0,435.118,1733903999999,44018.84300,10,5.012,549.81640,0
2024-12-11 08:00:00,101.7,122.8,101.0,122.8,2081.423,1733918399999,232616.99900,12,1022.431,125554.52680,0
2024-12-11 12:00:00,122.8,122.8,110.0,113.0,1576.292,1733932799999,178071.78960,44,1538.929,173958.85960,0
2024-12-11 16:00:00,113.0,113.0,113.0,113.0,1569.233,1733947199999,177323.32900,19,1569.233,177323.32900,0
2024-12-11 20:00:00,113.0,113.0,113.0,113.0,6500.911,1733961599999,734602.94300,14,6500.911,734602.94300,0
2024-12-12 00:00:00,113.0,113.0,113.0,113.0,3481.59,1733975999999,393419.67000,11,3481.590,393419.67000,0
2024-12-12 04:00:00,113.0,113.0,113.0,113.0,3501.095,1733990399999,395623.73500,7,3501.095,395623.73500,0
2024-12-12 08:00:00,113.0,113.0,113.0,113.0,3497.667,1734004799999,395236.37100,16,3497.667,395236.37100,0
2024-12-12 12:00:00,113.0,113.0,112.9,113.0,4713.939,1734019199999,532674.88580,19,4711.727,532425.15100,0
2024-12-12 16:00:00,113.0,113.0,113.0,113.0,2900.636,1734033599999,327771.86800,7,2900.636,327771.86800,0
2024-12-12 20:00:00,113.0,113.0,113.0,113.0,1512.157,1734047999999,170873.74100,12,1512.157,170873.74100,0
2024-12-13 00:00:00,113.0,113.0,113.0,113.0,2.421,1734062399999,273.57300,2,2.421,273.57300,0
2024-12-13 04:00:00,113.0,113.0,113.0,113.0,3052.382,1734076799999,344919.16600,16,3052.382,344919.16600,0
2024-12-13 08:00:00,113.0,125.0,101.0,125.0,3505.298,1734091199999,380461.02520,21,2121.123,240656.88720,0
2024-12-13 12:00:00,125.0,125.5,125.0,125.5,499.701,1734105599999,62579.24750,14,0,0,0
2024-12-13 16:00:00,125.5,137.0,106.8,130.0,35053.866,1734119999999,4353198.07800,33,26475.006,3368211.66300,0
2024-12-13 20:00:00,130.0,130.0,130.0,130.0,1041.876,1734134399999,135443.88000,8,1041.876,135443.88000,0
2024-12-14 00:00:00,130.0,130.0,130.0,130.0,52.219,1734148799999,6788.47000,6,52.219,6788.47000,0
2024-12-14 04:00:00,123.0,130.0,123.0,130.0,939.256,1734163199999,122087.97800,8,939.176,122078.02600,0
2024-12-14 08:00:00,130.0,130.0,106.8,130.0,1796.258,1734177599999,229708.34580,21,1639.589,212975.16220,0
2024-12-14 12:00:00,127.0,127.0,112.0,126.7,3789.082,1734191999999,479724.28690,41,3789.082,479724.28690,0
2024-12-14 16:00:00,126.7,126.7,115.5,126.7,483.34,1734206399999,61229.39760,14,483.240,61216.79760,0
2024-12-14 20:00:00,126.7,126.7,126.7,126.7,14.896,1734220799999,1887.32320,10,14.896,1887.32320,0
2024-12-15 00:00:00,126.7,126.7,126.7,126.7,59.878,1734235199999,7586.54260,6,59.878,7586.54260,0
2024-12-15 04:00:00,118.0,126.7,101.0,116.0,1232.622,1734249599999,145833.06760,28,809.905,101847.63560,0
2024-12-15 08:00:00,126.7,126.7,115.8,126.7,386.72,1734263999999,48996.85720,6,386.720,48996.85720,0
2024-12-15 12:00:00,126.7,126.8,109.0,126.0,5103.12,1734278399999,645922.66080,30,5103.020,645910.06080,0
2024-12-15 16:00:00,126.8,126.8,115.0,115.0,1440.113,1734292799999,180027.47910,17,1239.717,156979.60710,0
2024-12-15 20:00:00,115.0,125.0,115.0,125.0,1263.406,1734307199999,147159.89000,12,155.142,19392.75000,0
2024-12-16 00:00:00,116.0,125.0,102.0,105.0,1270.467,1734321599999,135270.49280,23,115.421,14201.80880,0
2024-12-16 04:00:00,101.0,125.0,101.0,115.0,168.912,1734335999999,19458.11800,36,135.937,16127.64300,0
2024-12-16 08:00:00,115.0,126.8,101.1,126.2,2913.215,1734350399999,362968.91280,36,2462.193,306539.09200,0
2024-12-16 12:00:00,126.8,126.8,126.8,126.8,969.131,1734364799999,122885.81080,13,969.131,122885.81080,0
2024-12-16 16:00:00,126.8,126.8,114.4,121.0,1624.58,1734379199999,205813.61120,25,1623.299,205663.60610,0
2024-12-16 20:00:00,121.0,126.8,116.0,126.8,1431.701,1734393599999,177903.74020,39,1350.895,168158.53660,0
2024-12-17 00:00:00,126.8,126.8,125.5,126.8,940.724,1734407999999,119024.44930,61,741.221,93986.82280,0
2024-12-17 04:00:00,126.8,126.8,101.0,126.8,265.264,1734422399999,27763.82080,28,33.296,4220.25280,0
2024-12-17 08:00:00,126.8,126.8,114.8,114.8,46.284,1734436799999,5844.81120,6,46.284,5844.81120,0
2024-12-17 12:00:00,114.8,126.8,114.8,126.8,569.491,1734451199999,71577.33880,9,569.491,71577.33880,0
2024-12-17 16:00:00,126.8,126.8,101.0,114.0,975.689,1734465599999,119941.31160,50,962.749,118634.37160,0
2024-12-17 20:00:00,114.0,117.9,114.0,117.9,888.413,1734479999999,102267.57140,45,886.365,102034.09940,0
2024-12-18 00:00:00,117.9,126.8,114.0,114.0,2270.616,1734494399999,273646.21510,71,1200.776,151386.74860,0
2024-12-18 04:00:00,114.0,126.8,114.0,126.8,2158.761,1734508799999,272630.65800,24,2072.805,262831.67400,0
2024-12-18 08:00:00,126.1,126.1,116.9,116.9,93.823,1734523199999,11074.51830,15,93.823,11074.51830,0
2024-12-18 12:00:00,116.9,116.9,101.0,101.0,4355.942,1734537599999,461457.04570,46,1750.572,198314.67570,0
2024-12-18 16:00:00,112.6,126.1,101.0,126.1,234.077,1734551999999,25497.48050,42,132.972,15025.89120,0
2024-12-18 20:00:00,126.1,126.1,101.0,101.0,30.264,1734566399999,3204.72680,32,2.228,280.86360,0
2024-12-19 00:00:00,101.0,110.8,101.0,101.0,396.427,1734580799999,40116.95860,10,0,0,0
2024-12-19 04:00:00,101.0,108.8,101.0,101.0,673.977,1734595199999,68261.01890,19,26.483,2860.16400,0
2024-12-19 08:00:00,101.0,111.0,101.0,101.0,168.448,1734609599999,17144.26400,27,15.474,1684.08700,0
2024-12-19 12:00:00,101.0,111.8,101.0,101.0,1146.747,1734623999999,115978.91100,26,0,0,0
2024-12-19 16:00:00,101.0,107.0,101.0,101.0,22599.982,1734638399999,2282710.94600,72,0,0,0
2024-12-19 20:00:00,101.0,109.0,101.0,109.0,4986.958,1734652799999,504009.02460,40,0,0,0
2024-12-20 00:00:00,109.0,109.0,101.0,101.0,589.803,1734667199999,60241.78110,25,0,0,0
2024-12-20 04:00:00,107.9,107.9,101.0,101.0,43.52,1734681599999,4567.25370,22,0,0,0
2024-12-20 08:00:00,102.0,102.0,101.0,101.0,19289.461,1734695999999,1948236.54100,74,0.980,99.96000,0
2024-12-20 12:00:00,101.0,103.5,101.0,101.0,296.407,1734710399999,29951.59560,18,0,0,0
2024-12-20 16:00:00,105.4,105.4,101.0,101.0,2260.965,1734724799999,228517.76240,14,0,0,0
2024-12-20 20:00:00,101.0,101.1,101.0,101.1,0.844,1734739199999,85.26390,4,0,0,0
2024-12-21 00:00:00,101.1,101.2,101.0,101.2,171.374,1734753599999,17341.62710,6,0,0,0
2024-12-21 04:00:00,101.2,101.2,101.0,101.0,2494.641,1734767999999,251970.93440,6,0,0,0
2024-12-21 08:00:00,103.5,113.0,101.0,101.0,614.673,1734782399999,62095.50550,14,0,0,0
2024-12-21 12:00:00,101.0,101.0,101.0,101.0,97.253,1734796799999,9822.55300,22,0,0,0
2024-12-21 16:00:00,101.0,101.2,101.0,101.0,93.111,1734811199999,9404.22120,21,0,0,0
2024-12-21 20:00:00,101.0,107.6,101.0,101.0,693.183,1734825599999,70266.42870,33,0,0,0
2024-12-22 00:00:00,108.5,108.5,101.0,101.0,2445.632,1734839999999,247106.88860,18,0,0,0
2024-12-22 04:00:00,101.0,106.8,101.0,101.0,15.415,1734854399999,1595.71830,15,0,0,0
2024-12-22 08:00:00,107.5,107.7,101.0,101.0,68340.994,1734868799999,6916308.74360,25,0,0,0
2024-12-22 12:00:00,108.6,108.6,101.0,101.0,3038.226,1734883199999,306932.80560,27,0,0,0
2024-12-22 16:00:00,101.0,101.0,101.0,101.0,1472.135,1734897599999,148685.63500,16,0,0,0
2024-12-22 20:00:00,106.4,107.6,101.0,101.0,40.085,1734911999999,4148.09740,19,0,0,0
2024-12-23 00:00:00,101.0,101.0,101.0,101.0,0.459,1734926399999,46.35900,9,0,0,0
2024-12-23 04:00:00,101.0,101.0,101.0,101.0,1.704,1734940799999,172.10400,16,0,0,0
2024-12-23 08:00:00,101.0,110.1,101.0,110.1,3637.585,1734955199999,367396.54910,7,0,0,0
2024-12-23 12:00:00,111.0,111.0,101.0,101.0,129.865,1734969599999,13156.28490,17,0,0,0
2024-12-23 16:00:00,101.0,134.4,101.0,101.1,85806.006,1734983999999,10204076.50820,54,28612.543,3753293.22220,0
2024-12-23 20:00:00,101.1,101.1,101.0,101.0,363.525,1734998399999,36738.08940,11,0,0,0
2024-12-24 00:00:00,101.1,128.0,101.1,128.0,85.612,1735012799999,10692.02600,5,0,0,0
2024-12-24 04:00:00,128.0,128.0,101.0,101.0,102.902,1735027199999,10428.12810,9,0,0,0
2024-12-24 08:00:00,101.0,101.0,101.0,101.0,33.158,1735041599999,3348.95800,4,0,0,0
2024-12-24 12:00:00,101.0,101.0,101.0,101.0,1.653,1735055999999,166.95300,2,0,0,0
2024-12-24 16:00:00,111.0,118.0,101.0,101.0,488.25,1735070399999,51954.69600,8,105.370,11609.89600,0
2024-12-24 20:00:00,101.0,101.0,101.0,101.0,0.0,1735084799999,0,0,0,0,0
2024-12-25 00:00:00,101.0,101.0,101.0,101.0,538.188,1735099199999,54356.98800,6,0,0,0
2024-12-25 04:00:00,101.0,101.0,101.0,101.0,427.625,1735113599999,43190.12500,5,0,0,0
2024-12-25 08:00:00,101.0,101.0,101.0,101.0,786.682,1735127999999,79454.88200,11,0,0,0
2024-12-25 12:00:00,101.0,101.0,101.0,101.0,18.06,1735142399999,1824.06000,7,0,0,0
2024-12-25 16:00:00,101.0,101.0,101.0,101.0,311.124,1735156799999,31423.52400,6,0,0,0
2024-12-25 20:00:00,101.0,101.0,101.0,101.0,0.0,1735171199999,0,0,0,0,0
2024-12-26 00:00:00,101.0,101.0,101.0,101.0,302.255,1735185599999,30527.75500,14,0,0,0
2024-12-26 04:00:00,102.0,106.8,102.0,106.8,6.249,1735199999999,665.82840,6,0,0,0
2024-12-26 08:00:00,106.8,106.8,101.0,101.0,432.766,1735214399999,43763.39300,3,0,0,0
2024-12-26 12:00:00,101.0,101.0,101.0,101.0,1518.646,1735228799999,153383.24600,4,0,0,0
2024-12-26 16:00:00,101.0,101.0,101.0,101.0,62.603,1735243199999,6322.90300,4,0,0,0
2024-12-26 20:00:00,101.0,101.0,101.0,101.0,20.495,1735257599999,2069.99500,3,0,0,0
2024-12-27 00:00:00,101.0,101.0,101.0,101.0,40.593,1735271999999,4099.89300,4,0,0,0
2024-12-27 04:00:00,101.0,114.3,101.0,101.0,1088.606,1735286399999,110510.73200,22,41.661,4761.85230,0
2024-12-27 08:00:00,114.3,114.3,101.0,101.0,923.592,1735300799999,99407.18930,11,460.481,52632.97830,0
2024-12-27 12:00:00,101.0,103.1,101.0,101.0,76.969,1735315199999,7775.98790,13,0,0,0
2024-12-27 16:00:00,101.0,101.0,101.0,101.0,208.541,1735329599999,21062.64100,10,0,0,0
2024-12-27 20:00:00,101.0,101.0,101.0,101.0,220.99,1735343999999,22319.99000,1,0,0,0
2024-12-28 00:00:00,101.0,102.0,97.7,97.7,27720.283,1735358399999,2796942.75110,99,40.070,3986.96500,0
2024-12-28 04:00:00,99.5,99.5,91.5,99.5,1463.884,1735372799999,144859.87000,16,1344.937,133821.23150,0
2024-12-28 08:00:00,99.5,99.5,87.1,87.1,629.833,1735387199999,62080.44990,27,582.419,57950.69050,0
2024-12-28 12:00:00,99.5,99.5,87.1,99.5,4045.156,1735401599999,390323.55040,19,3063.747,304842.82650,0
2024-12-28 16:00:00,99.5,99.5,99.5,99.5,3433.037,1735415999999,341587.18150,13,3433.037,341587.18150,0
2024-12-28 20:00:00,87.1,99.5,87.1,87.1,999.035,1735430399999,95575.33370,7,690.273,68682.16350,0
2024-12-29 00:00:00,99.5,99.5,87.1,99.5,1968.097,1735444799999,195824.31230,18,1967.989,195814.90550,0
2024-12-29 04:00:00,99.5,99.5,87.1,99.5,47.743,1735459199999,4504.89610,7,27.942,2780.22900,0
2024-12-29 08:00:00,87.1,99.5,87.1,99.5,3849.166,1735473599999,382377.24150,13,3480.093,346269.25350,0
2024-12-29 12:00:00,98.0,99.5,98.0,99.5,1310.417,1735487999999,129255.89350,17,1024.062,101193.10350,0
2024-12-29 16:00:00,99.5,99.5,87.1,97.0,5811.431,1735502399999,572972.69210,28,3381.207,336149.48900,0
2024-12-29 20:00:00,97.0,99.5,87.1,99.5,3917.192,1735516799999,387944.01890,72,3850.318,382119.29350,0
2024-12-30 00:00:00,87.1,99.5,87.1,99.5,296.534,1735531199999,29412.83980,13,289.091,28764.55450,0
2024-12-30 04:00:00,99.5,99.5,87.1,99.5,589.758,1735545599999,58680.87140,11,589.754,58680.52300,0
2024-12-30 08:00:00,99.5,99.5,99.5,99.5,27.125,1735559999999,2698.93750,2,27.125,2698.93750,0
2024-12-30 12:00:00,99.5,99.5,99.5,99.5,5521.488,1735574399999,549388.05600,16,5521.488,549388.05600,0
2024-12-30 16:00:00,99.5,99.5,87.1,99.5,481.129,1735588799999,47562.99220,41,451.017,44863.19150,0
2024-12-30 20:00:00,99.5,99.5,87.1,99.5,1239.074,1735603199999,123163.86300,10,1229.074,122292.86300,0
2024-12-31 00:00:00,99.5,99.5,87.1,99.5,2948.196,1735617599999,285637.20800,146,2316.803,230521.79770,0
2024-12-31 04:00:00,99.5,99.5,87.1,99.5,1518.065,1735631999999,141265.05790,26,729.161,72551.51950,0
2024-12-31 08:00:00,99.5,100.0,99.5,100.0,3915.399,1735646399999,390771.58550,13,3915.399,390771.58550,0
2024-12-31 12:00:00,100.0,101.0,100.0,101.0,926.018,1735660799999,92964.19060,10,926.018,92964.19060,0
2024-12-31 16:00:00,101.0,101.0,100.0,101.0,239.962,1735675199999,24226.16200,11,229.962,23226.16200,0
2024-12-31 20:00:00,101.0,101.0,99.8,101.0,213.271,1735689599999,21528.37100,9,203.271,20530.37100,0
2025-01-01 00:00:00,101.0,105.0,101.0,105.0,165.707,1735703999999,16806.41900,6,165.707,16806.41900,0
2025-01-01 04:00:00,95.0,95.0,87.1,87.1,2492.059,1735718399999,226977.99760,9,1255.653,119287.03500,0
2025-01-01 08:00:00,87.1,87.1,87.1,87.1,0.0,1735732799999,0,0,0,0,0
2025-01-01 12:00:00,87.1,87.1,87.1,87.1,0.0,1735747199999,0,0,0,0,0
2025-01-01 16:00:00,94.0,94.0,87.1,87.1,5.312,1735761599999,487.83260,6,3.646,342.72400,0
2025-01-01 20:00:00,97.9,97.9,97.9,97.9,5.401,1735775999999,528.75790,2,0.400,39.16000,0
2025-01-02 00:00:00,97.9,97.9,97.9,97.9,72.993,1735790399999,7146.01470,4,0,0,0
2025-01-02 04:00:00,97.9,97.9,97.9,97.9,828.796,1735804799999,81139.12840,10,0,0,0
2025-01-02 08:00:00,97.9,106.1,96.0,96.0,399.341,1735819199999,39158.76800,7,20.100,2031.10500,0
2025-01-02 12:00:00,96.0,117.9,87.1,117.9,136.147,1735833599999,14214.16270,12,25.906,2486.97600,0
2025-01-02 16:00:00,117.9,117.9,100.0,100.0,1074.851,1735847999999,122116.10280,16,5.000,585.00000,0
2025-01-02 20:00:00,100.0,100.0,100.0,100.0,652.853,1735862399999,65285.30000,2,0,0,0
2025-01-03 00:00:00,100.0,101.0,100.0,101.0,20.386,1735876799999,2058.73000,2,0,0,0
2025-01-03 04:00:00,100.0,105.3,100.0,100.0,112.606,1735891199999,11287.10000,3,0,0,0
2025-01-03 08:00:00,100.0,100.0,90.0,100.0,3890.568,1735905599999,386200.07500,30,2013.280,201328.00000,0
2025-01-03 12:00:00,100.0,100.0,90.0,90.0,4123.519,1735919999999,411750.54000,10,4063.383,406338.30000,0
2025-01-03 16:00:00,100.0,100.0,87.1,100.0,3922.935,1735934399999,375278.34440,20,2305.219,230521.90000,0
2025-01-03 20:00:00,100.0,100.0,100.0,100.0,165.406,1735948799999,16540.60000,5,165.406,16540.60000,0
2025-01-04 00:00:00,100.0,100.0,100.0,100.0,611.479,1735963199999,61147.90000,5,611.479,61147.90000,0
2025-01-04 04:00:00,100.0,100.0,100.0,100.0,1841.252,1735977599999,184125.20000,10,1841.252,184125.20000,0
2025-01-04 08:00:00,100.0,100.0,100.0,100.0,752.913,1735991999999,75291.30000,5,752.913,75291.30000,0
2025-01-04 12:00:00,100.0,100.0,100.0,100.0,4006.551,1736006399999,400655.10000,58,4006.551,400655.10000,0
2025-01-04 16:00:00,100.0,100.0,100.0,100.0,2174.925,1736020799999,217492.50000,3,2174.925,217492.50000,0
2025-01-04 20:00:00,100.0,100.0,100.0,100.0,970.887,1736035199999,97088.70000,34,970.887,97088.70000,0
2025-01-05 00:00:00,100.0,100.0,100.0,100.0,685.905,1736049599999,68590.50000,7,685.905,68590.50000,0
2025-01-05 04:00:00,100.0,100.0,100.0,100.0,1129.396,1736063999999,112939.60000,4,1129.396,112939.60000,0
2025-01-05 08:00:00,100.0,100.0,100.0,100.0,4186.149,1736078399999,418614.90000,7,4186.149,418614.90000,0
2025-01-05 12:00:00,100.0,100.0,100.0,100.0,1025.391,1736092799999,102539.10000,9,1025.391,102539.10000,0
2025-01-05 16:00:00,100.0,100.0,100.0,100.0,807.035,1736107199999,80703.50000,10,807.035,80703.50000,0
2025-01-05 20:00:00,100.0,100.0,100.0,100.0,280.912,1736121599999,28091.20000,4,280.912,28091.20000,0
2025-01-06 00:00:00,100.0,131.6,99.0,131.6,21701.014,1736135999999,2297153.04300,34,18700.334,1955505.86900,0
2025-01-06 04:00:00,110.0,110.0,110.0,110.0,1258.029,1736150399999,138383.19000,22,350.052,38505.72000,0
2025-01-06 08:00:00,110.0,110.0,100.0,109.0,1366.802,1736164799999,149829.29950,14,636.739,69582.36950,0
2025-01-06 12:00:00,109.0,119.4,108.2,119.0,186.962,1736179199999,20494.29840,10,181.386,19876.51440,0
2025-01-06 16:00:00,119.0,119.1,115.2,115.2,559.62,1736193599999,66549.50420,7,0,0,0
2025-01-06 20:00:00,115.2,115.2,115.2,115.2,129.418,1736207999999,14908.95360,8,10.540,1214.20800,0
2025-01-07 00:00:00,107.8,115.2,107.8,115.2,270.435,1736222399999,31147.68880,6,270.218,31122.69040,0
2025-01-07 04:00:00,113.1,114.0,113.1,114.0,133.647,1736236799999,15117.05430,10,44.208,4999.92480,0
2025-01-07 08:00:00,112.6,112.6,111.0,111.0,136.914,1736251199999,15262.41460,10,13.489,1497.27900,0
2025-01-07 12:00:00,111.0,111.4,100.0,100.0,440.68,1736265599999,47978.02800,17,235.636,26224.87600,0
2025-01-07 16:00:00,100.0,109.0,90.0,109.0,1583.323,1736279999999,152840.61300,35,466.138,47107.45300,0
2025-01-07 20:00:00,109.0,110.9,90.1,110.9,792.333,1736294399999,85657.41260,12,754.865,82281.54580,0
2025-01-08 00:00:00,112.0,112.0,112.0,112.0,50.0,1736308799999,5600.00000,1,0,0,0
2025-01-08 04:00:00,112.0,112.0,103.1,103.1,153.843,1736323199999,16919.97560,26,0.969,99.90390,0
2025-01-08 08:00:00,93.0,103.1,90.0,103.1,690.203,1736337599999,63963.17750,11,539.992,50219.25600,0
2025-01-08 12:00:00,102.6,102.7,102.1,102.1,724.113,1736351999999,74081.09310,25,47.867,4911.52820,0
2025-01-08 16:00:00,102.1,105.0,102.1,103.0,1874.075,1736366399999,192351.19670,24,0,0,0
2025-01-08 20:00:00,102.1,102.1,102.1,102.1,287.625,1736380799999,29366.51250,1,0,0,0
2025-01-09 00:00:00,102.1,102.1,101.4,101.4,483.753,1736395199999,49377.18130,3,0,0,0
2025-01-09 04:00:00,101.4,101.4,101.4,101.4,3.944,1736409599999,399.92160,2,0,0,0
2025-01-09 08:00:00,101.4,110.0,101.4,101.4,280.249,1736423999999,28420.68860,7,0.200,22.00000,0
2025-01-09 12:00:00,101.4,104.2,90.1,101.4,1675.968,1736438399999,170291.47390,19,553.894,57677.98560,0
2025-01-09 16:00:00,101.4,114.2,101.4,114.2,1150.929,1736452799999,117970.49180,8,97.993,11190.16060,0
2025-01-09 20:00:00,113.2,113.2,100.0,101.4,179.301,1736467199999,20257.99900,13,8.766,992.31120,0
2025-01-10 00:00:00,113.2,113.2,101.4,113.2,786.944,1736481599999,89077.73020,11,786.577,89040.51640,0
2025-01-10 04:00:00,113.2,113.2,90.1,113.2,1266.7,1736495999999,118796.77600,17,497.804,49519.24640,0
2025-01-10 08:00:00,113.2,113.2,100.0,111.0,3823.455,1736510399999,424428.48600,17,3823.455,424428.48600,0
2025-01-10 12:00:00,111.0,124.0,100.0,113.0,8617.371,1736524799999,957979.32700,40,7817.934,868023.07000,0
2025-01-10 16:00:00,113.0,113.2,100.0,105.0,732.71,1736539199999,74008.58240,14,140.977,14803.80240,0
2025-01-10 20:00:00,105.0,105.0,105.0,105.0,1.656,1736553599999,173.88000,3,0,0,0
2025-01-11 00:00:00,105.0,113.3,105.0,113.3,15.291,1736567999999,1607.14030,4,0,0,0
2025-01-11 04:00:00,113.3,113.3,105.0,105.0,16.182,1736582399999,1700.74510,12,0,0,0
2025-01-11 08:00:00,105.0,105.0,105.0,105.0,260.14,1736596799999,27314.70000,10,0,0,0
2025-01-11 12:00:00,105.0,105.0,105.0,105.0,20.607,1736611199999,2163.73500,8,0,0,0
2025-01-11 16:00:00,105.0,105.0,105.0,105.0,587.238,1736625599999,61659.99000,4,0,0,0
2025-01-11 20:00:00,112.5,112.5,112.5,112.5,0.642,1736639999999,72.22500,2,0,0,0
2025-01-12 00:00:00,114.4,114.4,105.0,105.0,98.32,1736654399999,11221.14960,5,0,0,0
2025-01-12 04:00:00,105.0,105.0,105.0,105.0,483.055,1736668799999,50720.77500,6,0,0,0
2025-01-12 08:00:00,105.0,105.0,105.0,105.0,0.0,1736683199999,0,0,0,0,0
2025-01-12 12:00:00,105.0,105.0,105.0,105.0,0.0,1736697599999,0,0,0,0,0
2025-01-12 16:00:00,110.0,110.0,105.0,105.0,8.947,1736711999999,971.25000,3,0,0,0
2025-01-12 20:00:00,105.0,105.0,105.0,105.0,9.523,1736726399999,999.91500,1,0,0,0
2025-01-13 00:00:00,105.0,105.0,101.0,102.9,3565.66,1736740799999,370296.76660,31,0,0,0
2025-01-13 04:00:00,102.4,110.0,90.1,109.0,49.537,1736755199999,5390.41460,10,42.038,4624.18000,0
2025-01-13 08:00:00,109.0,109.0,90.1,90.1,314.539,1736769599999,28474.47960,8,0,0,0
2025-01-13 12:00:00,90.1,112.0,90.1,112.0,2336.349,1736783999999,239467.97690,9,1349.141,150433.23700,0
2025-01-13 16:00:00,90.1,100.0,90.1,90.1,554.841,1736798399999,50188.67410,6,0,0,0
2025-01-13 20:00:00,90.1,90.1,90.1,90.1,380.557,1736812799999,34288.18570,4,0,0,0
2025-01-14 00:00:00,90.1,90.1,90.1,90.1,834.781,1736827199999,75213.76810,1,0,0,0
2025-01-14 04:00:00,91.7,95.0,90.1,90.1,231.987,1736841599999,20969.60770,8,0,0,0
2025-01-14 08:00:00,98.6,100.3,90.1,90.1,51.874,1736855999999,5081.62650,14,28.443,2845.09790,0
2025-01-14 12:00:00,90.1,90.1,90.1,90.1,8.0,1736870399999,720.80000,1,0,0,0
2025-01-14 16:00:00,90.1,90.1,90.1,90.1,1.0,1736884799999,90.10000,1,0,0,0
2025-01-14 20:00:00,104.4,104.4,104.3,104.3,64.873,1736899199999,6772.26190,2,60.080,6272.35200,0
2025-01-15 00:00:00,104.3,104.3,102.4,103.0,29.112,1736913599999,3005.53600,6,18.112,1859.53600,0
2025-01-15 04:00:00,103.0,103.0,103.0,103.0,52.403,1736927999999,5397.50900,1,0,0,0
2025-01-15 08:00:00,103.0,103.0,103.0,103.0,0.0,1736942399999,0,0,0,0,0
2025-01-15 12:00:00,103.0,103.0,94.0,94.0,3.135,1736956799999,299.05500,2,2.650,249.10000,0
2025-01-15 16:00:00,94.5,94.5,94.5,94.5,0.227,1736971199999,21.45150,1,0,0,0
2025-01-15 20:00:00,94.5,94.5,94.5,94.5,0.0,1736985599999,0,0,0,0,0
2025-01-16 00:00:00,94.5,94.5,94.5,94.5,0.0,1736999999999,0,0,0,0,0
2025-01-16 04:00:00,94.5,94.5,94.5,94.5,0.0,1737014399999,0,0,0,0,0
2025-01-16 08:00:00,94.5,94.5,94.5,94.5,0.0,1737028799999,0,0,0,0,0
2025-01-16 12:00:00,117.9,123.1,112.0,120.0,3168.453,1737043199999,369629.73760,28,1316.526,158067.51910,0
2025-01-16 16:00:00,120.0,139.8,120.0,139.8,11397.18,1737057599999,1559823.28550,23,10327.917,1420957.56050,0
2025-01-16 20:00:00,139.8,139.8,139.8,139.8,0.0,1737071999999,0,0,0,0,0
2025-01-17 00:00:00,139.8,139.8,126.7,126.7,14.101,1737086399999,1943.81450,6,14.101,1943.81450,0
2025-01-17 04:00:00,114.8,140.0,114.8,140.0,2753.893,1737100799999,385112.27670,33,2682.122,375079.81590,0
2025-01-17 08:00:00,149.9,149.9,140.0,140.0,1148.475,1737115199999,163281.23070,14,1148.475,163281.23070,0
2025-01-17 12:00:00,140.0,145.0,118.0,145.0,2087.894,1737129599999,278610.92380,19,1436.130,201227.31500,0
2025-01-17 16:00:00,145.0,149.9,118.0,140.0,1724.98,1737143999999,246874.06330,22,1724.313,246795.35730,0
2025-01-17 20:00:00,149.9,149.9,149.9,149.9,307.171,1737158399999,46044.93290,9,307.171,46044.93290,0
2025-01-18 00:00:00,149.9,149.9,118.0,118.0,309.121,1737172799999,44548.15830,5,253.037,37930.24630,0
2025-01-18 04:00:00,118.0,118.0,118.0,118.0,255.998,1737187199999,30207.76400,6,0,0,0
2025-01-18 08:00:00,118.0,118.0,118.0,118.0,177.346,1737201599999,20926.82800,7,0,0,0
2025-01-18 12:00:00,118.3,118.3,118.0,118.0,127.315,1737215999999,15023.77000,7,0,0,0
2025-01-18 16:00:00,118.0,124.5,118.0,118.0,262.361,1737230399999,30976.32980,11,0,0,0
2025-01-18 20:00:00,118.0,118.0,118.0,118.0,2787.692,1737244799999,328947.65600,21,0,0,0
2025-01-19 00:00:00,118.0,118.0,117.9,117.9,775.796,1737259199999,91512.12140,4,0,0,0
2025-01-19 04:00:00,121.1,121.1,117.5,120.0,42.962,1737273599999,5184.81000,11,0.116,13.92000,0
2025-01-19 08:00:00,117.6,120.0,106.9,106.9,2802.346,1737287999999,320852.91430,88,1601.865,192223.80000,0
2025-01-19 12:00:00,106.9,120.0,106.9,120.0,2137.17,1737302399999,255572.01040,35,2069.354,248322.48000,0
2025-01-19 16:00:00,120.0,120.0,120.0,120.0,3128.633,1737316799999,375435.96000,9,3128.633,375435.96000,0
2025-01-19 20:00:00,120.0,120.0,100.0,120.0,964.015,1737331199999,115635.98500,10,963.898,115624.28500,0
2025-01-20 00:00:00,120.0,126.9,100.0,126.9,3019.335,1737345599999,347044.26160,20,2315.278,276638.56160,0
2025-01-20 04:00:00,126.9,128.1,126.9,128.1,92.343,1737359999999,11719.26310,7,88.091,11178.74790,0
2025-01-20 08:00:00,129.1,129.1,123.5,123.5,584.257,1737374399999,75296.63590,16,498.749,64388.49590,0
2025-01-20 12:00:00,123.6,123.6,123.5,123.5,916.144,1737388799999,113157.21430,9,0,0,0
2025-01-20 16:00:00,123.5,123.5,115.7,115.7,144.883,1737403199999,17113.19850,15,99.340,11493.63800,0
2025-01-20 20:00:00,115.7,124.0,115.7,120.0,1114.772,1737417599999,136010.66130,22,381.009,45825.74130,0
2025-01-21 00:00:00,120.0,120.0,120.0,120.0,100.0,1737431999999,12000.00000,1,0,0,0
2025-01-21 04:00:00,120.0,134.0,120.0,121.2,416.389,1737446399999,50432.14760,15,1.000,134.00000,0
2025-01-21 08:00:00,121.2,121.3,121.2,121.2,375.698,1737460799999,45534.61450,7,0,0,0
2025-01-21 12:00:00,121.2,121.2,120.9,120.9,785.778,1737475199999,95217.37490,11,0,0,0
2025-01-21 16:00:00,120.9,120.9,120.9,120.9,1081.752,1737489599999,130783.81680,8,0,0,0
2025-01-21 20:00:00,129.0,129.0,121.0,121.0,582.385,1737503999999,70485.71220,12,1.669,211.29570,0
2025-01-22 00:00:00,121.0,121.0,121.0,121.0,349.039,1737518399999,42233.71900,17,0,0,0
2025-01-22 04:00:00,121.0,121.0,121.0,121.0,4.132,1737532799999,499.97200,1,0,0,0
2025-01-22 08:00:00,121.0,121.0,120.5,120.5,811.618,1737547199999,97913.68060,42,0,0,0
2025-01-22 12:00:00,120.5,120.5,113.0,120.3,939.696,1737561599999,111301.32830,12,0.220,24.86000,0
2025-01-22 16:00:00,120.3,120.6,120.0,120.0,165.843,1737575999999,19979.43690,6,0.099,11.93940,0
2025-01-22 20:00:00,120.0,120.0,120.0,120.0,16.666,1737590399999,1999.92000,1,0,0,0
2025-01-23 00:00:00,120.0,120.0,119.3,119.3,161.813,1737604799999,19401.63430,8,0,0,0
2025-01-23 04:00:00,119.3,119.3,119.3,119.3,0.344,1737619199999,41.03920,2,0,0,0
2025-01-23 08:00:00,119.3,121.7,100.0,121.6,433.003,1737633599999,52578.40730,19,265.651,32288.16280,0
2025-01-23 12:00:00,121.6,121.6,120.9,121.6,2988.831,1737647999999,362515.68140,33,1624.173,197499.43680,0
2025-01-23 16:00:00,120.9,121.0,120.9,121.0,2539.954,1737662399999,307323.12760,10,0,0,0
2025-01-23 20:00:00,121.0,121.0,113.9,113.9,140.051,1737676799999,16940.30640,3,0,0,0
2025-01-24 00:00:00,123.7,123.7,116.9,116.9,7.438,1737691199999,875.23180,32,0,0,0
2025-01-24 04:00:00,116.9,116.9,115.1,116.9,9.969,1737705599999,1164.60570,7,4.277,499.98130,0
2025-01-24 08:00:00,116.9,119.0,116.9,119.0,22.698,1737719999999,2659.98390,32,0,0,0
2025-01-24 12:00:00,119.0,125.0,116.9,116.9,850.956,1737734399999,100625.00040,22,129.385,15397.95500,0
2025-01-24 16:00:00,116.9,129.0,116.9,116.9,1635.207,1737748799999,191249.55800,11,0,0,0
2025-01-24 20:00:00,116.9,116.9,116.9,116.9,171.086,1737763199999,19999.95340,1,0,0,0
2025-01-25 00:00:00,117.0,117.0,116.9,116.9,19.0,1737777599999,2221.64270,20,0,0,0
2025-01-25 04:00:00,116.9,120.0,116.9,116.9,3100.214,1737791999999,362415.53430,22,0,0,0
2025-01-25 08:00:00,120.5,120.5,116.9,117.0,239.484,1737806399999,28077.68030,16,18.346,2210.69300,0
2025-01-25 12:00:00,117.0,117.0,116.9,116.9,8065.387,1737820799999,943091.38150,14,0,0,0
2025-01-25 16:00:00,116.9,130.0,116.9,126.9,1447.613,1737835199999,186028.83600,31,1147.501,149100.75400,0
2025-01-25 20:00:00,126.9,126.9,120.9,120.9,411.962,1737849599999,51179.74620,13,0,0,0
2025-01-26 00:00:00,120.9,120.9,120.9,120.9,70.0,1737863999999,8463.00000,1,0,0,0
2025-01-26 04:00:00,120.9,120.9,120.9,120.9,7.89,1737878399999,953.90100,4,0,0,0
2025-01-26 08:00:00,125.8,130.9,120.9,120.9,2411.942,1737892799999,291807.73720,63,23.435,2900.93110,0
2025-01-26 12:00:00,122.9,131.3,120.9,131.3,98.554,1737907199999,12929.69700,6,0.098,12.04420,0
2025-01-26 16:00:00,131.3,144.0,130.3,137.0,292.591,1737921599999,38333.73940,30,17.355,2332.38520,0
2025-01-26 20:00:00,130.4,137.0,130.4,132.4,624.148,1737935999999,82731.09540,265,222.568,29885.98720,0
2025-01-27 00:00:00,130.4,136.4,130.4,132.4,583.946,1737950399999,76809.09220,209,38.920,5227.27780,0
2025-01-27 04:00:00,130.4,136.4,120.9,128.4,2198.483,1737964799999,283097.97320,76,201.786,26760.54800,0
2025-01-27 08:00:00,128.4,132.4,99.0,99.0,3216.088,1737979199999,338592.71950,133,1072.006,116553.87090,0
2025-01-27 12:00:00,115.0,120.9,99.0,120.9,2186.853,1737993599999,264373.64630,31,2178.858,263422.49090,0
2025-01-27 16:00:00,120.9,120.9,99.0,120.9,672.169,1738007999999,80942.62240,29,660.482,79767.58080,0
2025-01-27 20:00:00,120.9,120.9,120.9,120.9,1384.22,1738022399999,167352.19800,9,1384.220,167352.19800,0
2025-01-28 00:00:00,120.9,120.9,120.7,120.9,1901.268,1738036799999,229863.18600,16,1900.692,229793.66280,0
2025-01-28 04:00:00,120.7,120.9,120.7,120.9,839.736,1738051199999,101523.99760,12,839.312,101472.82080,0
2025-01-28 08:00:00,120.9,120.9,99.0,120.9,1976.92,1738065599999,238999.06260,99,1976.574,238964.80860,0
2025-01-28 12:00:00,114.5,120.9,114.5,120.9,483.416,1738079999999,58020.35240,19,60.476,7263.91320,0
2025-01-28 16:00:00,120.9,120.9,99.0,99.0,177.001,1738094399999,20111.16460,14,118.270,14296.79560,0
2025-01-28 20:00:00,115.1,120.9,99.0,120.9,791.121,1738108799999,78609.65440,26,13.364,1611.71140,0
2025-01-29 00:00:00,99.0,120.9,99.0,120.9,357.334,1738123199999,42923.34570,9,356.221,42813.15870,0
2025-01-29 04:00:00,120.9,120.9,99.0,120.9,600.744,1738137599999,72339.69150,11,533.545,64505.59050,0
2025-01-29 08:00:00,120.9,120.9,120.9,120.9,1028.588,1738151999999,124356.28920,6,1028.588,124356.28920,0
2025-01-29 12:00:00,120.9,121.2,99.0,99.0,1473.207,1738166399999,178097.78150,17,1163.000,140597.54390,0
2025-01-29 16:00:00,99.0,99.0,99.0,99.0,0.0,1738180799999,0,0,0,0,0
2025-01-29 20:00:00,115.3,115.4,115.3,115.4,39.804,1738195199999,4592.08500,6,0,0,0
2025-01-30 00:00:00,115.4,132.4,115.4,115.4,134.239,1738209599999,15799.18660,8,18.118,2398.82320,0
2025-01-30 04:00:00,132.4,132.4,115.4,115.4,469.745,1738223999999,54736.13400,12,31.033,4108.76920,0
2025-01-30 08:00:00,132.4,140.0,115.4,140.0,771.027,1738238399999,103883.62180,14,645.557,89330.48720,0
2025-01-30 12:00:00,140.0,149.9,120.0,126.0,1228.436,1738252799999,157431.68760,31,439.920,61550.13560,0
2025-01-30 16:00:00,131.0,131.0,126.0,131.0,20.158,1738267199999,2639.13800,15,0.763,99.95300,0
2025-01-30 20:00:00,131.0,131.1,126.0,126.0,593.743,1738281599999,77277.57940,150,465.294,60564.42240,0
2025-01-31 00:00:00,130.1,130.1,118.5,126.0,2499.116,1738295999999,323342.34510,25,2125.430,276259.10160,0
2025-01-31 04:00:00,126.0,131.0,115.4,131.0,5104.065,1738310399999,630398.70750,28,2882.272,373988.92150,0
2025-01-31 08:00:00,131.0,133.9,115.3,132.7,1546.934,1738324799999,196830.39240,28,1118.146,147275.69240,0
2025-01-31 12:00:00,132.8,149.9,115.3,129.5,225.068,1738339199999,29386.11770,23,10.744,1431.47640,0
2025-01-31 16:00:00,129.5,142.0,129.5,129.5,796.455,1738353599999,103482.09750,208,0.385,50.43500,0
2025-01-31 20:00:00,129.5,129.5,127.4,127.4,1215.962,1738367999999,154997.27950,14,1176.095,149834.50300,0
2025-02-01 00:00:00,127.4,127.4,127.4,127.4,96.738,1738382399999,12324.42120,4,0,0,0
2025-02-01 04:00:00,127.4,127.4,127.4,127.4,53.172,1738396799999,6774.11280,9,0,0,0
2025-02-01 08:00:00,127.4,135.0,127.4,127.4,42.458,1738411199999,5410.44270,42,0.079,10.66500,0
2025-02-01 12:00:00,127.4,135.0,127.4,127.4,364.792,1738425599999,46474.86270,25,0.047,6.34500,0
2025-02-01 16:00:00,127.4,127.4,127.0,127.0,727.878,1738439999999,92689.65720,12,105.000,13335.00000,0
2025-02-01 20:00:00,127.0,127.0,127.0,127.0,40.432,1738454399999,5134.86400,2,0,0,0
2025-02-02 00:00:00,117.9,122.5,117.9,122.5,74.5,1738468799999,9065.64990,16,73.500,8947.74990,0
2025-02-02 04:00:00,122.5,122.5,115.8,115.8,263.486,1738483199999,32271.03000,5,0,0,0
2025-02-02 08:00:00,115.8,115.8,115.8,115.8,0.0,1738497599999,0,0,0,0,0
2025-02-02 12:00:00,115.0,128.0,100.0,100.0,117.869,1738511999999,12848.51400,13,55.553,5956.00500,0
2025-02-02 16:00:00,100.0,100.0,100.0,100.0,21.687,1738526399999,2168.70000,3,0,0,0
2025-02-02 20:00:00,100.0,100.0,100.0,100.0,45.613,1738540799999,4561.30000,3,0,0,0
2025-02-03 00:00:00,100.0,100.0,90.1,90.1,12742.307,1738555199999,1197631.73700,58,0,0,0
2025-02-03 04:00:00,90.1,90.1,90.1,90.1,0.0,1738569599999,0,0,0,0,0
2025-02-03 08:00:00,90.1,90.1,90.1,90.1,716.831,1738583999999,64586.47310,6,0,0,0
2025-02-03 12:00:00,98.6,98.6,90.1,90.1,8.277,1738598399999,794.62170,9,0,0,0
2025-02-03 16:00:00,90.1,90.1,90.1,90.1,0.0,1738612799999,0,0,0,0,0
2025-02-03 20:00:00,98.0,100.1,98.0,98.0,28.275,1738627199999,2807.26320,5,17.292,1730.92920,0
2025-02-04 00:00:00,98.0,98.0,98.0,98.0,0.0,1738641599999,0,0,0,0,0
2025-02-04 04:00:00,98.0,110.0,98.0,110.0,5.8,1738655999999,578.00000,2,0,0,0
2025-02-04 08:00:00,110.0,110.0,110.0,110.0,213.727,1738670399999,23509.97000,8,0.091,10.01000,0
2025-02-04 12:00:00,99.0,103.5,98.0,103.5,218.925,1738684799999,21456.78300,5,0.206,21.32100,0
2025-02-04 16:00:00,103.6,110.0,90.5,109.9,47.344,1738699199999,5128.04570,24,22.802,2501.86450,0
2025-02-04 20:00:00,109.9,109.9,109.9,109.9,400.289,1738713599999,43991.76110,10,239.342,26303.68580,0
2025-02-05 00:00:00,109.9,109.9,90.5,90.5,39.508,1738727999999,4014.73180,15,23.279,2378.05230,0
2025-02-05 04:00:00,90.5,102.2,90.5,102.2,61.164,1738742399999,5944.96250,6,35.225,3597.48300,0
2025-02-05 08:00:00,102.2,102.2,102.2,102.2,20.784,1738756799999,2124.12480,5,9.784,999.92480,0
2025-02-05 12:00:00,102.2,102.2,102.1,102.1,261.671,1738771199999,26741.77620,6,245.596,25099.91120,0
2025-02-05 16:00:00,102.1,110.0,90.5,102.1,1482.596,1738785599999,138646.88170,141,40.073,4359.25540,0
2025-02-05 20:00:00,102.1,102.1,102.1,102.1,88.273,1738799999999,9012.67330,77,0,0,0
2025-02-06 00:00:00,102.1,102.2,90.5,100.0,2201.976,1738814399999,224764.43180,80,0.029,2.96090,0
2025-02-06 04:00:00,100.0,106.0,90.5,90.5,759.542,1738828799999,76387.49750,81,87.886,9308.70900,0
2025-02-06 08:00:00,106.7,108.8,106.7,108.8,111.833,1738843199999,12165.71470,8,1.736,187.16110,0
2025-02-06 12:00:00,111.0,111.0,90.5,90.5,57.77,1738857599999,6216.50060,47,6.318,672.35210,0
2025-02-06 16:00:00,105.8,105.8,90.5,90.5,1232.783,1738871999999,125300.50870,36,849.896,89918.99680,0
2025-02-06 20:00:00,90.5,110.8,90.5,105.8,1225.829,1738886399999,128258.57670,13,59.434,6139.39730,0
2025-02-07 00:00:00,105.7,105.7,105.6,105.6,63.382,1738900799999,6693.23380,67,63.382,6693.23380,0
2025-02-07 04:00:00,105.5,105.5,90.5,105.1,15.651,1738915199999,1571.39110,16,10.433,1099.16210,0
2025-02-07 08:00:00,105.1,105.1,104.1,104.1,38.189,1738929599999,3977.47490,4,0.166,17.28060,0
2025-02-07 12:00:00,104.1,115.9,104.1,104.8,872.37,1738943999999,96957.78850,10,325.135,34245.59050,0
2025-02-07 16:00:00,104.8,105.3,102.4,105.3,274.94,1738958399999,28575.12600,6,4.748,499.96440,0
2025-02-07 20:00:00,102.7,103.0,102.7,102.7,22.777,1738972799999,2339.63620,7,0,0,0
2025-02-08 00:00:00,113.5,113.5,102.5,102.5,384.783,1738987199999,41417.96330,4,0,0,0
2025-02-08 04:00:00,113.3,113.3,113.3,113.3,1.827,1739001599999,206.99910,2,0,0,0
2025-02-08 08:00:00,113.3,122.8,90.7,121.2,464.659,1739015999999,44558.90670,13,0.250,29.85500,0
2025-02-08 12:00:00,121.2,121.2,90.7,90.7,63.047,1739030399999,6437.20140,14,22.000,2258.80000,0
2025-02-08 16:00:00,90.7,90.7,90.7,90.7,0.0,1739044799999,0,0,0,0,0
2025-02-08 20:00:00,106.0,106.0,106.0,106.0,5.049,1739059199999,535.19400,2,5.049,535.19400,0
2025-02-09 00:00:00,106.6,106.6,106.6,106.6,100.943,1739073599999,10760.52380,2,0,0,0
2025-02-09 04:00:00,106.6,106.6,106.6,106.6,1541.807,1739087999999,164356.62620,9,0,0,0
2025-02-09 08:00:00,106.6,110.0,105.6,110.0,143.864,1739102399999,15341.30430,13,1.418,151.15880,0
2025-02-09 12:00:00,110.0,110.0,110.0,110.0,2473.925,1739116799999,272131.75000,16,587.618,64637.98000,0
2025-02-09 16:00:00,110.0,110.0,109.9,109.9,195.42,1739131199999,21493.67640,34,172.708,18997.57820,0
2025-02-09 20:00:00,109.9,109.9,109.9,109.9,17.298,1739145599999,1901.05020,13,3.906,429.26940,0
2025-02-10 00:00:00,109.9,109.9,104.5,104.5,1654.803,1739159999999,175086.08190,9,1.949,203.67050,0
2025-02-10 04:00:00,104.5,104.5,104.5,104.5,12.044,1739174399999,1258.59800,6,0.088,9.19600,0
2025-02-10 08:00:00,104.5,104.5,104.5,104.5,271.81,1739188799999,28404.14500,5,0.044,4.59800,0
2025-02-10 12:00:00,115.7,124.7,115.7,115.7,402.36,1739203199999,46557.72300,6,0,0,0
2025-02-10 16:00:00,115.7,115.7,104.5,104.5,3553.235,1739217599999,411050.51190,21,5.248,607.19360,0
2025-02-10 20:00:00,104.6,109.0,104.5,109.0,107.639,1739231999999,11253.06350,3,0.864,94.17600,0
2025-02-11 00:00:00,109.0,109.0,109.0,109.0,0.0,1739246399999,0,0,0,0,0
2025-02-11 04:00:00,129.2,129.2,129.2,129.2,0.464,1739260799999,59.94880,1,0,0,0
2025-02-11 08:00:00,129.2,129.2,104.5,104.5,4554.342,1739275199999,491401.53990,30,0,0,0
2025-02-11 12:00:00,127.7,129.5,125.0,125.0,72.334,1739289599999,9130.56650,7,13.688,1763.59600,0
2025-02-11 16:00:00,125.0,125.0,104.5,104.5,905.284,1739303999999,105490.21640,29,121.206,14034.09880,0
2025-02-11 20:00:00,104.5,104.5,104.5,104.5,0.0,1739318399999,0,0,0,0,0
2025-02-12 00:00:00,104.5,104.5,104.5,104.5,0.0,1739332799999,0,0,0,0,0
2025-02-12 04:00:00,117.6,125.0,117.6,125.0,3.849,1739347199999,458.56240,2,0,0,0
2025-02-12 08:00:00,125.0,125.0,104.5,104.5,137.93,1739361599999,17240.28650,6,137.883,17235.37500,0
2025-02-12 12:00:00,104.5,104.5,104.5,104.5,39.655,1739375999999,4143.94750,7,0,0,0
2025-02-12 16:00:00,104.5,104.5,104.5,104.5,0.0,1739390399999,0,0,0,0,0
2025-02-12 20:00:00,104.5,104.5,104.5,104.5,0.0,1739404799999,0,0,0,0,0
2025-02-13 00:00:00,124.0,124.0,104.5,115.0,11.55,1739419199999,1246.75050,40,3.675,423.81300,0
2025-02-13 04:00:00,115.0,115.8,104.5,115.8,49.197,1739433599999,5575.31760,62,21.406,2461.69000,0
2025-02-13 08:00:00,115.8,115.8,104.5,104.5,3237.207,1739447999999,349378.66340,11,0,0,0
2025-02-13 12:00:00,104.7,104.7,104.5,104.5,78.319,1739462399999,8184.71750,2,0,0,0
2025-02-13 16:00:00,104.5,104.5,104.5,104.5,0.0,1739476799999,0,0,0,0,0
2025-02-13 20:00:00,127.2,128.2,127.0,128.2,3.822,1739491199999,486.78000,9,3.626,461.84880,0
2025-02-14 00:00:00,130.0,130.0,128.2,128.2,707.34,1739505599999,91623.63900,9,0,0,0
2025-02-14 04:00:00,128.2,130.0,126.0,130.0,353.529,1739519999999,44847.38810,13,212.384,26763.54400,0
2025-02-14 08:00:00,130.0,145.9,117.0,145.0,153.555,1739534399999,21563.28020,24,145.039,20450.22420,0
2025-02-14 12:00:00,145.0,145.9,130.0,130.0,2383.744,1739548799999,346904.79830,13,1934.487,281920.40730,0
2025-02-14 16:00:00,130.0,130.0,127.0,130.0,28.281,1739563199999,3665.51530,11,27.066,3511.17030,0
2025-02-14 20:00:00,130.0,145.9,130.0,130.0,713.839,1739577599999,97187.88340,15,407.730,57393.71340,0
2025-02-15 00:00:00,130.0,130.0,122.3,122.3,101.036,1739591999999,12358.37370,5,100.819,12330.16370,0
2025-02-15 04:00:00,122.3,130.0,122.3,128.2,1091.634,1739606399999,134808.72630,11,1079.634,133248.72630,0
2025-02-15 08:00:00,128.2,128.2,128.0,128.2,1198.222,1739620799999,153604.41200,22,1198.222,153604.41200,0
2025-02-15 12:00:00,128.2,145.9,124.8,145.9,1230.281,1739635199999,165426.43340,27,1129.526,152086.47140,0
2025-02-15 16:00:00,145.9,145.9,128.6,131.9,4889.246,1739649599999,658310.19400,299,932.156,135886.98570,0
2025-02-15 20:00:00,131.9,131.9,131.9,131.9,1.081,1739663999999,142.58390,3,0.642,84.67980,0
2025-02-16 00:00:00,131.9,145.9,130.0,134.7,2094.72,1739678399999,303997.06800,15,2093.720,303867.06800,0
2025-02-16 04:00:00,145.9,145.9,120.0,145.9,1183.103,1739692799999,165396.79190,20,497.446,72284.57130,0
2025-02-16 08:00:00,132.8,145.9,132.8,145.9,1085.664,1739707199999,149745.91590,11,871.295,121277.63750,0
2025-02-16 12:00:00,127.3,129.4,119.9,119.9,149.17,1739721599999,18791.58980,13,120.400,15327.76000,0
2025-02-16 16:00:00,128.0,128.0,96.0,125.7,4667.753,1739735999999,510097.03310,45,955.821,118455.46410,0
2025-02-16 20:00:00,129.5,129.5,117.0,120.0,68.955,1739750399999,8282.98950,15,48.433,5820.34950,0
2025-02-17 00:00:00,129.5,129.8,120.0,129.8,144.223,1739764799999,17445.41780,15,12.362,1600.61100,0
2025-02-17 04:00:00,129.8,145.9,125.0,125.0,158.035,1739779199999,20676.16320,12,155.565,20351.24320,0
2025-02-17 08:00:00,119.0,125.0,119.0,124.0,19.814,1739793599999,2374.86600,4,18.814,2250.86600,0
2025-02-17 12:00:00,124.0,130.0,124.0,130.0,151.78,1739807999999,19121.45600,10,50.096,6512.48000,0
2025-02-17 16:00:00,130.0,130.0,124.0,124.0,378.896,1739822399999,47648.19200,12,110.848,14410.24000,0
2025-02-17 20:00:00,124.0,124.0,121.1,121.1,899.999,1739836799999,109983.07960,13,0,0,0
2025-02-18 00:00:00,121.1,121.1,121.1,121.1,52.0,1739851199999,6297.20000,3,0,0,0
2025-02-18 04:00:00,121.1,121.1,96.0,109.3,207.221,1739865599999,23954.70250,27,24.107,2553.17000,0
2025-02-18 08:00:00,109.3,123.5,109.3,120.2,498.309,1739879999999,56944.80660,15,233.924,26115.51200,0
2025-02-18 12:00:00,120.2,145.9,118.7,130.5,2416.346,1739894399999,293579.39320,32,1679.534,202457.88520,0
2025-02-18 16:00:00,130.6,130.6,120.4,123.3,19.027,1739908799999,2354.39330,28,2.682,334.22940,0
2025-02-18 20:00:00,123.3,145.9,123.3,145.9,23.498,1739923199999,3312.81900,10,19.326,2798.41140,0
2025-02-19 00:00:00,123.3,146.0,123.3,146.0,228.652,1739937599999,29971.66580,40,76.372,11133.43460,0
2025-02-19 04:00:00,146.0,149.7,125.9,125.9,215.248,1739951999999,27818.21360,53,51.604,7012.07950,0
2025-02-19 08:00:00,125.9,149.7,125.9,125.9,621.338,1739966399999,80329.66380,56,434.171,56750.65550,0
2025-02-19 12:00:00,149.7,149.7,125.9,136.9,452.575,1739980799999,65001.39070,22,337.477,50496.94550,0
2025-02-19 16:00:00,136.9,143.4,129.0,129.0,159.268,1739995199999,21801.58190,17,0,0,0
2025-02-19 20:00:00,129.2,129.2,129.2,129.2,6.664,1740009599999,860.98880,4,0,0,0
2025-02-20 00:00:00,132.7,132.7,132.7,132.7,113.233,1740023999999,15026.01910,8,1.000,132.70000,0
2025-02-20 04:00:00,133.5,135.0,131.5,135.0,348.116,1740038399999,46061.61670,25,314.666,41600.25290,0
2025-02-20 08:00:00,135.0,135.0,100.1,132.0,1510.665,1740052799999,167281.97030,42,11.182,1329.61020,0
2025-02-20 12:00:00,132.0,165.0,125.5,129.0,123.12,1740067199999,15934.09270,28,4.483,692.21400,0
2025-02-20 16:00:00,129.0,129.0,129.0,129.0,900.732,1740081599999,116194.42800,10,0,0,0
2025-02-20 20:00:00,129.0,129.0,116.7,116.7,1116.923,1740095999999,143733.36960,12,2.931,367.54980,0
2025-02-21 00:00:00,121.1,137.0,116.7,137.0,875.113,1740110399999,104125.64050,22,366.477,44402.59290,0
2025-02-21 04:00:00,137.0,137.0,121.1,134.0,20.054,1740124799999,2681.03860,11,1.746,221.76400,0
2025-02-21 08:00:00,139.2,145.1,121.1,140.2,1341.891,1740139199999,163504.62560,19,1.825,258.87410,0
2025-02-21 12:00:00,140.2,147.9,132.0,134.0,1473.423,1740153599999,207002.02480,51,38.502,5655.43310,0
2025-02-21 16:00:00,134.0,142.1,117.2,117.2,303.62,1740167999999,40452.56420,31,186.783,25100.32330,0
2025-02-21 20:00:00,126.0,126.0,117.0,126.0,95.118,1740182399999,11966.86800,6,88.852,11195.35200,0
2025-02-22 00:00:00,128.5,144.0,128.5,142.6,78.092,1740196799999,11197.19040,4,62.075,8925.97980,0
2025-02-22 04:00:00,141.8,144.0,128.5,130.7,312.021,1740211199999,42521.25470,8,0.225,32.40000,0
2025-02-22 08:00:00,130.0,140.2,124.7,124.7,2055.2,1740225599999,256820.27090,15,4.100,569.66780,0
2025-02-22 12:00:00,128.5,129.1,114.8,129.1,335.273,1740239999999,43273.35030,25,1.200,145.66200,0
2025-02-22 16:00:00,129.1,153.9,127.0,127.0,648.087,1740254399999,83667.08340,20,2.944,376.05370,0
2025-02-22 20:00:00,127.6,127.6,126.6,126.8,19.931,1740268799999,2527.21670,8,7.731,979.85670,0
2025-02-23 00:00:00,125.9,125.9,125.5,125.5,55.849,1740283199999,7009.52710,7,51.471,6459.61050,0
2025-02-23 04:00:00,125.6,125.6,120.0,125.6,2.021,1740297599999,252.57760,3,1.021,126.97760,0
2025-02-23 08:00:00,125.6,125.6,125.6,125.6,41.495,1740311999999,5211.77200,8,30.321,3808.31760,0
2025-02-23 12:00:00,125.6,125.6,120.0,120.1,360.935,1740326399999,44156.87600,15,298.060,36595.72500,0
2025-02-23 16:00:00,122.2,127.7,122.2,125.0,9.736,1740340799999,1216.74060,9,2.000,249.90000,0
2025-02-23 20:00:00,125.0,128.2,124.9,125.1,267.426,1740355199999,33663.10890,13,0,0,0
2025-02-24 00:00:00,125.1,137.0,125.1,137.0,4.676,1740369599999,608.76760,3,1.785,223.30350,0
2025-02-24 04:00:00,137.0,137.0,136.0,136.0,58.228,1740383999999,7926.14200,8,51.094,6948.78400,0
2025-02-24 08:00:00,135.0,150.0,135.0,138.0,469.219,1740398399999,66526.78000,22,0,0,0
2025-02-24 12:00:00,138.0,138.0,123.1,123.2,975.727,1740412799999,132957.97800,18,0,0,0
2025-02-24 16:00:00,123.2,133.8,123.2,133.8,2283.041,1740427199999,281722.68820,19,0,0,0
2025-02-24 20:00:00,133.8,133.8,109.6,124.0,6701.374,1740441599999,834149.10210,55,2024.487,258470.14820,0
2025-02-25 00:00:00,124.0,124.0,109.6,109.6,175.774,1740455999999,19438.91200,7,12.089,1499.03600,0
2025-02-25 04:00:00,109.6,109.6,108.0,108.0,964.676,1740470399999,105711.45440,13,9.259,999.97200,0
2025-02-25 08:00:00,108.0,112.7,96.0,100.1,1978.188,1740484799999,194756.21660,40,802.438,80354.04900,0
2025-02-25 12:00:00,100.1,103.0,96.0,100.1,39755.07,1740499199999,3977081.10360,40,39107.842,3914711.30250,0
2025-02-25 16:00:00,100.0,100.1,100.0,100.1,373.793,1740513599999,37416.57930,2,0,0,0
2025-02-25 20:00:00,115.5,115.5,105.0,105.0,4.772,1740527999999,503.32800,2,4.556,478.38000,0
2025-02-26 00:00:00,102.2,105.0,102.2,105.0,329.16,1740542399999,34284.81560,23,280.837,29346.20500,0
2025-02-26 04:00:00,105.0,105.0,100.1,100.1,2081.811,1740556799999,217270.35470,21,1812.464,190308.72000,0
2025-02-26 08:00:00,105.0,105.0,100.1,105.0,14037.33,1740571199999,1442966.71260,42,7720.404,810642.42000,0
2025-02-26 12:00:00,105.0,105.0,100.1,104.0,16083.019,1740585599999,1655662.43160,57,8158.311,856622.65500,0
2025-02-26 16:00:00,105.0,105.0,100.2,100.4,5991.198,1740599999999,620424.27260,56,3441.438,361350.99000,0
2025-02-26 20:00:00,105.0,105.0,100.4,105.0,6706.812,1740614399999,692702.77560,12,4204.098,441430.29000,0
2025-02-27 00:00:00,105.0,105.0,100.4,100.4,7718.162,1740628799999,793568.64300,37,4057.907,426079.04100,0
2025-02-27 04:00:00,105.0,105.0,100.2,100.2,2095.253,1740643199999,215060.96420,22,1063.003,111615.31500,0
2025-02-27 08:00:00,105.0,133.7,100.2,133.7,3404.521,1740657599999,441813.32050,53,3226.813,419281.36990,0
2025-02-27 12:00:00,133.7,133.7,111.0,129.9,5044.402,1740671999999,638150.31400,52,4368.182,557575.34170,0
2025-02-27 16:00:00,125.0,129.9,120.0,129.9,1761.937,1740686399999,227446.77930,61,1601.104,207346.81930,0
2025-02-27 20:00:00,120.0,129.9,112.0,126.5,642.327,1740700799999,82467.89360,10,642.327,82467.89360,0
2025-02-28 00:00:00,129.9,129.9,126.5,129.9,824.414,1740715199999,106579.81410,23,702.014,91096.21410,0
2025-02-28 04:00:00,129.9,129.9,119.5,129.9,2567.88,1740729599999,326874.10240,27,2023.331,261790.99690,0
2025-02-28 08:00:00,119.5,129.9,119.5,119.5,2082.936,1740743999999,259372.56090,59,1037.664,134462.55690,0
2025-02-28 12:00:00,129.9,129.9,100.2,100.2,2548.293,1740758399999,287079.83680,70,937.089,104621.34350,0
2025-02-28 16:00:00,110.0,110.0,100.2,110.0,16675.08,1740772799999,1765640.85030,61,9574.819,1053222.35240,0
2025-02-28 20:00:00,110.0,110.0,100.4,100.4,5731.032,1740787199999,602939.46440,18,2868.895,315578.19700,0
2025-03-01 00:00:00,110.0,110.0,100.4,110.0,120.862,1740801599999,13006.82000,3,90.862,9994.82000,0
2025-03-01 04:00:00,110.0,110.0,100.4,110.0,10589.072,1740815999999,1136156.11640,40,7606.428,836698.44290,0
2025-03-01 08:00:00,110.0,110.0,100.4,110.0,2754.849,1740830399999,290564.76600,22,1456.034,160163.74000,0
2025-03-01 12:00:00,110.0,110.0,100.4,110.0,2425.573,1740844799999,263895.91640,24,2121.707,233387.77000,0
2025-03-01 16:00:00,110.0,110.0,100.4,110.0,3718.525,1740859199999,401638.86680,45,2947.808,324258.88000,0
2025-03-01 20:00:00,110.0,110.0,100.4,100.4,2462.253,1740873599999,269943.00120,13,2368.000,260480.00000,0
2025-03-02 00:00:00,110.0,110.0,100.4,110.0,1323.876,1740887999999,139291.58360,28,663.994,73039.34000,0
2025-03-02 04:00:00,110.0,110.0,100.5,110.0,780.235,1740902399999,82338.35450,34,310.390,34142.90000,0
2025-03-02 08:00:00,110.0,110.0,105.0,105.0,2579.295,1740916799999,283452.35500,16,2525.276,277780.36000,0
2025-03-02 12:00:00,110.0,110.0,105.0,105.1,7200.335,1740931199999,765617.64460,41,2407.170,262063.32390,0
2025-03-02 16:00:00,106.6,110.0,105.1,110.0,6409.285,1740945599999,693013.61960,90,3958.439,435425.06000,0
2025-03-02 20:00:00,105.1,110.0,105.1,110.0,384.881,1740959999999,42314.19360,15,380.245,41826.95000,0
2025-03-03 00:00:00,110.0,110.0,105.1,110.0,438.764,1740974399999,48231.96950,31,432.219,47544.09000,0
2025-03-03 04:00:00,110.0,110.0,105.1,110.0,2700.844,1740988799999,295492.84300,25,2374.314,261174.54000,0
2025-03-03 08:00:00,105.1,110.0,105.1,105.1,3756.889,1741003199999,403709.10120,11,1808.177,198899.47000,0
2025-03-03 12:00:00,110.0,110.0,105.1,110.0,2519.002,1741017599999,270886.53650,37,1252.903,137819.33000,0
2025-03-03 16:00:00,110.0,110.0,105.1,105.1,3710.966,1741031999999,392230.26080,35,450.558,49561.38000,0
2025-03-03 20:00:00,105.1,110.0,105.1,110.0,2067.189,1741046399999,222274.56770,7,1023.062,112536.82000,0
2025-03-04 00:00:00,110.0,110.0,105.1,105.1,5247.371,1741060799999,558510.08250,19,1430.896,157398.56000,0
2025-03-04 04:00:00,110.0,110.0,105.2,105.2,5621.473,1741075199999,604910.95640,32,2819.166,310108.26000,0
2025-03-04 08:00:00,110.0,110.0,105.2,110.0,4383.83,1741089599999,474005.66960,61,2672.647,293989.21800,0
2025-03-04 12:00:00,110.0,110.0,105.2,105.2,2988.189,1741103999999,322663.41910,110,1731.509,190456.52740,0
2025-03-04 16:00:00,110.0,110.0,105.2,105.2,5878.342,1741118399999,632262.20960,32,2887.549,317630.39000,0
2025-03-04 20:00:00,105.2,110.0,105.2,110.0,308.396,1741132799999,33890.65600,11,301.541,33169.51000,0
2025-03-05 00:00:00,110.0,110.0,95.0,103.8,7777025.866,1741147199999,806244278.93970,27791,3277505.117,340809083.83700,0
2025-03-05 04:00:00,103.2,104.0,102.1,102.1,14226027.521,1741161599999,1459143490.49680,51844,6165759.879,633182492.87990,0
2025-03-05 08:00:00,102.1,104.0,102.0,103.7,29073131.548,1741175999999,2991076537.38300,103237,23045111.206,2374247839.86690,0
2025-03-05 12:00:00,103.7,104.1,103.4,103.4,4278847.855,1741190399999,443638673.86980,15600,2096267.356,217697754.01180,0
2025-03-05 16:00:00,103.7,103.7,103.4,103.4,13329.139,1741204799999,1378495.41980,64,874.824,90719.24880,0
2025-03-05 20:00:00,103.7,103.7,103.4,103.7,20086.678,1741219199999,2079991.85210,76,10097.823,1047144.24510,0
2025-03-06 00:00:00,103.7,103.7,103.4,103.7,7395.789,1741233599999,765815.36820,36,3635.952,377048.22240,0
2025-03-06 04:00:00,103.4,103.7,103.4,103.4,3283.222,1741247999999,340263.79400,38,2595.464,269149.61680,0
2025-03-06 08:00:00,103.7,103.7,103.4,103.7,555.082,1741262399999,57499.14140,231,345.542,35832.70540,0
2025-03-06 12:00:00,103.4,103.7,103.4,103.4,5852.035,1741276799999,605891.34220,75,2969.744,307862.45280,0
2025-03-06 16:00:00,103.4,103.7,103.4,103.7,2581.988,1741291199999,267721.84840,41,2480.964,257275.96680,0
2025-03-06 20:00:00,103.4,103.7,103.4,103.7,1395.922,1741305599999,144397.60490,21,197.567,20487.69790,0
2025-03-07 00:00:00,103.4,103.7,103.4,103.7,8152.252,1741319999999,843062.16320,43,397.688,41240.24560,0
2025-03-07 04:00:00,103.7,103.7,103.4,103.4,361.397,1741334399999,37468.54600,22,333.654,34599.91980,0
2025-03-07 08:00:00,103.5,103.7,103.5,103.5,1608.044,1741348799999,166742.28500,42,1548.655,160595.52350,0
2025-03-07 12:00:00,103.7,103.7,103.4,103.7,9351.215,1741363199999,968604.12300,57,4735.711,491093.23070,0
2025-03-07 16:00:00,103.7,103.7,103.4,103.7,12830.722,1741377599999,1327850.32580,149,3845.570,398785.60900,0
2025-03-07 20:00:00,103.4,103.7,103.4,103.4,2553.291,1741391999999,264381.79890,32,1238.365,128418.45050,0
2025-03-08 00:00:00,103.4,103.7,103.4,103.4,6288.109,1741406399999,651324.77430,48,3793.907,393424.28750,0
2025-03-08 04:00:00,103.7,103.9,103.4,103.9,1390839.936,1741420799999,144409531.72440,2700,1388384.995,144154761.91510,0
2025-03-08 08:00:00,103.9,104.0,103.4,104.0,621505.911,1741435199999,64620839.18380,1235,617226.456,64176943.53680,0
2025-03-08 12:00:00,104.0,104.0,103.9,103.9,1242.36,1741449599999,129158.67000,49,774.660,80564.64000,0
2025-03-08 16:00:00,103.9,104.0,103.9,104.0,12213.044,1741463999999,1269594.65220,98,6593.806,685755.82400,0
2025-03-08 20:00:00,103.9,104.0,103.9,104.0,2173.573,1741478399999,225993.48700,71,1592.523,165622.39200,0
2025-03-09 00:00:00,104.0,104.0,103.8,103.8,7725.814,1741492799999,803001.03240,60,3641.546,378720.78400,0
2025-03-09 04:00:00,104.0,104.0,103.8,103.9,17093.574,1741507199999,1776841.19810,112,8189.153,851671.91200,0
2025-03-09 08:00:00,103.9,104.0,103.4,103.4,16214.574,1741521599999,1681629.66660,66,4771.015,496185.56000,0
2025-03-09 12:00:00,104.0,104.0,103.4,104.0,2845.58,1741535999999,294267.06340,78,56.819,5909.17600,0
2025-03-09 16:00:00,104.0,104.0,103.4,104.0,401960.978,1741550399999,41562935.04160,797,283.194,29452.17600,0
