timestamp,open,high,low,close,volume
2024-01-01 00:00:00,41.12152218730236,41.457521366984594,41.022916574079765,41.03174975419041,82323
2024-01-01 04:00:00,40.68027001751356,40.90184537632127,40.46902380020511,40.74089353114123,10584
2024-01-01 08:00:00,41.2752368748647,41.724242882246266,41.07949818197998,41.24548332465899,57500
2024-01-01 12:00:00,41.75305959463801,41.965254008787255,41.39378955638482,41.43733080393688,34120
2024-01-01 16:00:00,40.70401951222799,41.241965535086756,40.41158226056696,40.864013287193565,48143
2024-01-01 20:00:00,41.120642442929714,41.20538953788503,40.84782591536243,41.18364564242385,82152
2024-01-02 00:00:00,40.75837513027202,40.97400208436043,40.44194313592586,40.77185156110387,43365
2024-01-02 04:00:00,41.47400791162264,41.8856770742607,41.12389376509689,41.55036757888087,77815
2024-01-02 08:00:00,42.884448269352035,43.35988809626567,42.60429940211385,43.04639879097729,86659
2024-01-02 12:00:00,41.749271781908405,42.1785093939108,41.42521404079214,41.67902579191487,65320
2024-01-02 16:00:00,42.49654719413107,42.85968046510271,42.2853618099854,42.2976355437564,74454
2024-01-02 20:00:00,41.48413803183245,41.863849957368416,41.1500108978614,41.662980674012175,30126
2024-01-03 00:00:00,41.836791866527754,42.07358115891499,41.411982719131004,41.69075523526503,15583
2024-01-03 04:00:00,41.907192091581976,42.081119016593284,41.78527560760759,42.154505436033496,77998
2024-01-03 08:00:00,41.5628290369748,41.91997676316679,41.27325807259405,41.53710823821124,73213
2024-01-03 12:00:00,41.73235068048624,41.93765658296044,41.32333449765412,41.88246168318881,69286
2024-01-03 16:00:00,41.219179688360654,41.502770084015545,40.95538274175379,41.352727904063464,13870
2024-01-03 20:00:00,41.87361634062731,42.03209748990329,41.550557685159596,41.78367234827273,67978
2024-01-04 00:00:00,40.737375478002555,40.93873408988697,40.487702179716266,41.045740882431446,51890
2024-01-04 04:00:00,41.28249327804934,41.50873346334671,40.90935175794744,41.037927309192625,44207
2024-01-04 08:00:00,41.13165801402933,41.53278897339423,40.89036749356265,41.02722794198686,44583
2024-01-04 12:00:00,41.25087494219519,41.280491285744375,41.15067477204146,41.3768374877184,34884
2024-01-04 16:00:00,41.1012673717463,41.186744641714206,40.68591690395472,41.06853764551097,59540
2024-01-04 20:00:00,38.97131949984572,39.29782102892212,38.75528624785679,38.921079263239484,10044
2024-01-05 00:00:00,38.9163071675279,39.19670297202216,38.585184389738004,38.792446261236954,72622
2024-01-05 04:00:00,39.99955648208255,40.12182579589214,39.851137276985966,39.94995392945931,84927
2024-01-05 08:00:00,40.42693971189549,40.57520627283186,40.10908976231462,40.23938332467547,35345
2024-01-05 12:00:00,39.605212063871555,40.01577734363208,39.30819984968087,39.683546394073225,92709
2024-01-05 16:00:00,40.09819966191861,40.24907842960431,40.06526576801926,39.99536918267907,99404
2024-01-05 20:00:00,39.57330980126293,39.78551538088807,39.50385089432186,39.68553667373157,14598
2024-01-06 00:00:00,38.67672487813433,38.788233747992436,38.45103619327671,38.91761922759333,75240
2024-01-06 04:00:00,38.299334634612315,38.477088681909585,38.05453491558638,38.34681423901576,29569
2024-01-06 08:00:00,37.96801523652295,38.41059318302303,37.76258713667133,38.023695049937935,14177
2024-01-06 12:00:00,37.308308018658316,37.57997126341054,36.927574547124145,37.372906710758386,98783
2024-01-06 16:00:00,35.99645866221562,36.166763261575795,35.695963528432536,36.13765592349468,76142
2024-01-06 20:00:00,36.08652686861327,36.37122480116048,35.96209432204799,35.84720300358605,12228
2024-01-07 00:00:00,36.669556625123484,36.94193377996564,36.4601145893115,36.7656515372116,18808
2024-01-07 04:00:00,36.05969967942901,36.26762741039182,36.04208308064458,36.17276331608875,59066
2024-01-07 08:00:00,37.16065601202988,37.2066120034385,36.88276501730424,37.03302945407368,71121
2024-01-07 12:00:00,37.18557495833106,37.51710160358217,36.90827062043551,37.02969171213037,40308
2024-01-07 16:00:00,36.44529235643109,36.583505396992116,36.141412449559176,36.407606655727854,47045
2024-01-07 20:00:00,37.00755809497139,37.23744127349698,36.985015141567786,37.271443292736706,69646
2024-01-08 00:00:00,37.721543959788946,38.03225864624661,37.4515125380629,37.7763383888589,85095
2024-01-08 04:00:00,37.173462626909384,37.285343681036316,37.01272482339576,37.08446561117999,53587
2024-01-08 08:00:00,36.48817458325451,37.028219903109715,36.25553310070549,36.722256033221726,70156
2024-01-08 12:00:00,36.44641276132435,36.89718648215465,36.292831750396566,36.41639534728752,97168
2024-01-08 16:00:00,37.91024765248019,38.33229587279079,37.81184809209953,37.874371295970704,84338
2024-01-08 20:00:00,39.11899137594169,39.19741338723793,38.61571335317043,39.02058655492958,64261
2024-01-09 00:00:00,37.241004091367365,37.50065445422479,37.065445245367805,37.30477096735772,17981
2024-01-09 04:00:00,37.12980670272269,37.49121977861726,36.92280765718391,37.27455742921377,25868
2024-01-09 08:00:00,37.235796933488736,37.44434025577434,37.001052652530845,37.37162540028725,58757
2024-01-09 12:00:00,37.48089997111614,37.54655712251263,37.41146063159684,37.60896545282015,80135
2024-01-09 16:00:00,36.72073697181416,37.160801324994786,36.49701293408605,36.87202307321446,91866
2024-01-09 20:00:00,37.39033501451236,37.41673574251718,37.03757533640176,37.211861177398006,25057
2024-01-10 00:00:00,37.77148299635504,38.21823107908998,37.66241546992309,37.804372558412695,50947
2024-01-10 04:00:00,38.928246297815065,39.00240123627445,38.708036610826866,38.6540884343691,58554
2024-01-10 08:00:00,39.5387268736905,39.63672189230138,39.089987681182286,39.601046289678685,77996
2024-01-10 12:00:00,40.222152768351016,40.247746899177805,39.78298145058845,40.02569405172724,96738
2024-01-10 16:00:00,41.182807260787335,41.247454942357095,40.867661822722,41.12786281686969,95089
2024-01-10 20:00:00,42.59857865022293,42.63024306581076,42.487057499495094,42.79456514956459,42606
2024-01-11 00:00:00,41.613848283038536,42.01974652780187,41.281702902819525,41.90001703817768,32923
2024-01-11 04:00:00,42.44055273318855,42.84057128074078,42.425948426524485,42.81196766152329,71418
2024-01-11 08:00:00,42.31879768681359,42.61505546543259,42.11421120279304,42.162098966234915,62919
2024-01-11 12:00:00,42.50366668715934,42.54834911455658,42.086606990894225,42.28631797627212,93068
2024-01-11 16:00:00,42.10011987206317,42.20076814119594,41.866037732682955,42.219111165839486,44996
2024-01-11 20:00:00,41.80272491692961,41.89085463849994,41.44730573466648,41.81530316110692,17320
2024-01-12 00:00:00,40.77929433243004,41.00999574780398,40.53061832413783,40.90600534763023,18493
2024-01-12 04:00:00,40.0931210260091,40.2589375912414,40.052009681195955,39.948374497295795,72150
2024-01-12 08:00:00,41.16762546388591,41.43373116629254,40.94655541397274,41.27444135753683,62258
2024-01-12 12:00:00,41.785352792773054,41.80076044443821,41.66431184443028,41.86354248206423,60846
2024-01-12 16:00:00,42.1822572253882,42.38043289339165,41.92338189928701,42.129684929365474,44522
2024-01-12 20:00:00,43.197912452009454,43.57548981945474,42.94461394970228,43.06185525445256,76732
2024-01-13 00:00:00,42.58907838854837,42.844550576814484,42.157517412303626,42.53785164645449,66245
2024-01-13 04:00:00,42.689836335397466,43.23925650921043,42.38962521253806,42.6233505653187,82437
2024-01-13 08:00:00,42.10669469169133,42.325796459101,41.75962543567021,42.36803237429705,44049
2024-01-13 12:00:00,43.44114006342433,43.805801318033716,43.01446360399791,43.4753399171076,19467
2024-01-13 16:00:00,43.7638464048775,44.196633644166084,43.6126274146094,43.7090161650962,83350
2024-01-13 20:00:00,42.9365012051244,43.35554257077062,42.42303309699497,42.97232812756341,34082
2024-01-14 00:00:00,42.49864799999614,42.61907992604501,41.957554360420275,42.37103271271135,63916
2024-01-14 04:00:00,40.79510641453541,40.95176458671874,40.64003410892402,40.98097069447187,40619
2024-01-14 08:00:00,39.66469838139872,39.899534482819405,39.49396156371529,39.57753935395778,15876
2024-01-14 12:00:00,39.181639675926235,39.30534948705511,38.69419404115307,38.87665996063168,24991
2024-01-14 16:00:00,39.20559133347001,39.52039427814161,38.82215956542171,38.8733364109448,69765
2024-01-14 20:00:00,38.82154170348827,38.959281491230115,38.60652101686911,38.79953727493352,99943
2024-01-15 00:00:00,39.55398994946923,40.04838078406303,39.310402619403945,39.62961735366145,13666
2024-01-15 04:00:00,38.61707869683105,38.71125327890345,38.25257524845045,38.61167461612247,91966
2024-01-15 08:00:00,37.33569880806164,37.33889570441088,37.08114754726235,37.09591775226259,71692
2024-01-15 12:00:00,37.11670964204727,37.2341724951949,36.87475650601787,37.20886284500121,50035
2024-01-15 16:00:00,37.19119052689603,37.29807582135551,36.84897218463281,37.16292365321172,39231
2024-01-15 20:00:00,36.07109331616254,36.25520852390983,35.9362065453388,36.21610348088663,82266
2024-01-16 00:00:00,36.64561395451488,36.946860831964635,36.44053614452909,36.611392783222215,81603
2024-01-16 04:00:00,37.48642895662449,37.6471512119546,37.400572257873016,37.692604521420925,13192
2024-01-16 08:00:00,38.87246160984051,39.12668879530023,38.596330145220925,39.008072012397186,51131
2024-01-16 12:00:00,36.10456305379261,36.43868618544899,35.99135078072529,36.189715685683474,34303
2024-01-16 16:00:00,35.21856346242978,35.49479616984771,35.0607289767483,35.38466077820932,74311
2024-01-16 20:00:00,33.974804511511444,34.30577562557234,33.89526318075481,34.10427121770891,52783
2024-01-17 00:00:00,34.163947099231386,34.45994810018711,33.8764521382584,34.238366715238065,68868
2024-01-17 04:00:00,34.407441011638625,34.531108838307624,34.35257460924679,34.454915303047386,74165
2024-01-17 08:00:00,33.80095844015995,33.93384543096946,33.38477297967315,33.72368736045805,26746
2024-01-17 12:00:00,33.64260890560756,33.798485643826595,33.31216553796152,33.92987640066617,36152
2024-01-17 16:00:00,33.56174972699383,33.85743060603819,33.44111901719611,33.454933058910875,44932
2024-01-17 20:00:00,34.60600649539418,34.60968729753142,34.32869835248226,34.69469971864762,53497
2024-01-18 00:00:00,34.25676522300057,34.51440792566355,34.009582762408066,34.09638456619779,33918
2024-01-18 04:00:00,33.54543090878504,33.84480920117175,33.22704664068101,33.54323811851833,81090
2024-01-18 08:00:00,33.83482323810263,34.147398056855124,33.491124719930916,33.79817703704055,78338
2024-01-18 12:00:00,35.38124844556959,35.59272991324091,35.04968006594309,35.24206467374299,95832
2024-01-18 16:00:00,34.94419503944739,35.1348951247951,34.576472749288946,34.84977020360491,49488
2024-01-18 20:00:00,35.02738471134827,35.1063067285175,34.95324504967777,34.848896849237846,95727
2024-01-19 00:00:00,34.753428943512716,34.92423586559467,34.475183368521584,34.665146587177695,61993
2024-01-19 04:00:00,34.68941098642263,34.79597849969544,34.36687592787289,34.72690490054329,73950
2024-01-19 08:00:00,35.55151578418931,35.89431698032368,35.509829218005585,35.54986336609868,32395
2024-01-19 12:00:00,35.28596508037558,35.44027192404967,34.975047708901585,35.51353889299047,52235
2024-01-19 16:00:00,36.25950199883416,36.56071859135298,36.063718729036204,36.266440650185416,37941
2024-01-19 20:00:00,36.61261008881838,36.97128615303931,36.26016730667487,36.688528302989994,77960
2024-01-20 00:00:00,36.74458330969038,36.88546995326107,36.527612392656906,36.57260026108512,44205
2024-01-20 04:00:00,35.50301421139359,35.75814873512075,35.26126743651828,35.43502434295639,18192
2024-01-20 08:00:00,35.52171232516021,35.789176543194046,35.428056104011695,35.444851620499804,73642
2024-01-20 12:00:00,36.534851364182316,36.854264310594,36.24857193593828,36.36098196735271,76173
2024-01-20 16:00:00,35.14127637783826,35.571267802198044,34.84193476735325,35.17628776721265,99729
2024-01-20 20:00:00,35.82193986704089,35.9246342941138,35.46376167201948,35.52844685907977,34697
2024-01-21 00:00:00,36.00391327583745,36.01094389201723,35.66310110071488,35.75353038513936,42323
2024-01-21 04:00:00,36.236332322153054,36.532524047319086,35.90095828178902,35.9557140539475,62537
2024-01-21 08:00:00,36.51702153857103,36.67738746103491,36.34903706491587,36.47909494826796,35733
2024-01-21 12:00:00,36.275817783902866,36.543756482162834,36.1376581994069,36.491342773366334,99672
2024-01-21 16:00:00,35.532812028860675,35.54805033028487,35.29049104544243,35.36933467888005,34939
2024-01-21 20:00:00,35.01464497958916,35.15084941373784,35.00007535788791,35.07867929378072,99502
2024-01-22 00:00:00,34.171414328399294,34.21148151270595,33.75109379603392,33.87936368899931,13268
2024-01-22 04:00:00,33.8430930038155,34.28750461225411,33.53703596133093,33.951204471402335,58856
2024-01-22 08:00:00,34.19708559079125,34.45508588546708,34.07426080029668,34.243845283584605,11638
2024-01-22 12:00:00,33.82762206521705,34.11465353834416,33.610646649730754,33.639694469158535,42149
2024-01-22 16:00:00,33.07651494938161,33.26614128676812,32.746299467939366,33.05093578229355,61575
2024-01-22 20:00:00,33.85391441669575,34.019026755597025,33.64636424580556,34.08143735448908,99974
2024-01-23 00:00:00,34.16791985174639,34.548916977072814,33.84015052081636,34.144543235301064,33911
2024-01-23 04:00:00,33.030848348350126,33.392117197897534,32.80114397754323,33.24328420115112,20175
2024-01-23 08:00:00,33.10986961921408,33.360146836523235,32.884615587895695,32.96759621435916,98916
2024-01-23 12:00:00,32.74889715176972,32.99169225112692,32.65381423152,32.71154807408331,81190
2024-01-23 16:00:00,33.50041275307465,33.7756463427098,33.169455289858774,33.4851484692498,79556
2024-01-23 20:00:00,34.53174536741276,34.563632224739024,34.24901525492722,34.54436725029568,77789
2024-01-24 00:00:00,34.638745865908426,34.86945713891588,34.35065705362904,34.42990505630365,29997
2024-01-24 04:00:00,34.36389297075727,34.5523436254738,34.02996059000557,34.41141908910732,67018
2024-01-24 08:00:00,35.21101332510176,35.32209377711069,34.975064590446664,35.07564016667048,82105
2024-01-24 12:00:00,36.34065145336562,36.41332968418701,35.97015208912157,36.35333350505168,98505
2024-01-24 16:00:00,36.044757352786895,36.38589785462767,35.76305676476669,36.21338103883057,81155
2024-01-24 20:00:00,36.227539683475,36.57751318968741,35.75950557221855,36.09502788658895,80472
2024-01-25 00:00:00,36.66650616838769,36.9309729518898,36.531835535312844,36.653728091517074,80803
2024-01-25 04:00:00,36.46923646221431,36.67771298760772,36.114195396093244,36.22948862780172,69694
2024-01-25 08:00:00,35.14803452496621,35.44942526795132,34.84404332244114,34.97966054827067,60912
2024-01-25 12:00:00,35.23204648788811,35.57350297721036,34.99380031231421,35.151855813441145,61582
2024-01-25 16:00:00,34.23461628735617,34.27778339485167,33.93265377801285,33.97595192648805,73438
2024-01-25 20:00:00,34.21266145985267,34.5023162452856,34.1387352934922,34.172705557953435,68416
2024-01-26 00:00:00,34.9212534510802,35.256413825980864,34.63010364003494,35.0059454618298,24587
2024-01-26 04:00:00,33.98790842098334,34.22846595794949,33.65532537258643,34.03183400277195,47487
2024-01-26 08:00:00,33.48664879695578,33.81692736420201,33.229603614600194,33.67936744429732,76199
2024-01-26 12:00:00,34.4641001570572,34.6740491255509,34.215115790483274,34.37282235913861,85988
2024-01-26 16:00:00,35.194575190786665,35.489815362083284,34.97735193091705,35.41297209738068,90714
2024-01-26 20:00:00,35.49250647584998,35.723409622307706,35.20112409465999,35.497791355923205,44235
2024-01-27 00:00:00,34.94536607003265,35.162269859023816,34.92356752905796,35.03470936143169,76204
2024-01-27 04:00:00,35.8844365024007,36.077230117005385,35.86651107260026,35.979552228346854,21401
2024-01-27 08:00:00,35.65573368241858,36.07649209270974,35.334223294167415,35.81384970104815,41663
2024-01-27 12:00:00,35.95417757328374,36.03829451243262,35.5992155548698,36.05755361667794,69869
2024-01-27 16:00:00,35.2145310189286,35.427550551413695,35.13890862182277,35.043300508341545,32594
2024-01-27 20:00:00,35.37297177054525,35.458471930660615,35.14725154822218,35.3988599456924,50269
2024-01-28 00:00:00,35.314308177283216,35.770453984229185,35.05063324609412,35.477701809855894,77611
2024-01-28 04:00:00,34.623040705610585,34.68793283716375,34.348633686002245,34.66554764842584,58813
2024-01-28 08:00:00,33.940568251355025,34.02445808600797,33.64654305757789,34.04248056979261,58972
2024-01-28 12:00:00,33.25781677174584,33.583100874274486,32.948363775018635,33.10576354317768,78939
2024-01-28 16:00:00,33.29597496093187,33.572206058315665,33.080985567715814,33.31279418834241,57249
2024-01-28 20:00:00,33.55053981917113,33.78836375444986,33.143564675546486,33.434441445615214,50697
2024-01-29 00:00:00,33.26449313092454,33.413375308568384,33.07332117603082,33.44821602879573,34297
2024-01-29 04:00:00,33.8056764022251,33.92308378593665,33.7875599251893,33.99819132889384,48208
2024-01-29 08:00:00,35.14091281662893,35.41645537686647,34.81012584855304,35.12402559618251,57532
2024-01-29 12:00:00,35.268730096589024,35.30652316157435,35.030557213532234,35.19419171524259,91292
2024-01-29 16:00:00,35.16919512522855,35.2516319054931,34.96530335443817,34.84789820997207,37330
2024-01-29 20:00:00,35.2141214338567,35.490720560610285,34.987298576412876,34.997946703401944,78680
2024-01-30 00:00:00,35.16726059292043,35.47919537881188,35.15306143123382,35.27854747456699,28157
2024-01-30 04:00:00,34.2419707385956,34.503158771959384,34.118603375659276,34.47342388306403,16718
2024-01-30 08:00:00,34.272418842654474,34.51805708915924,33.93150750639053,34.32805510204514,23863
2024-01-30 12:00:00,33.94667339083395,33.993313821102554,33.75620953697802,33.72757872181524,65336
2024-01-30 16:00:00,34.52568870826117,34.85023810161746,34.23650166512209,34.31540629948204,14957
2024-01-30 20:00:00,35.22443427402146,35.50139226351577,35.12125710294536,35.32904456835863,97851
2024-01-31 00:00:00,34.87014323568787,34.89122682717999,34.52422221874284,34.689135812071875,41102
2024-01-31 04:00:00,34.420479977271945,34.51871480520995,34.35571494626192,34.410903839402714,34291
2024-01-31 08:00:00,34.06953314478985,34.27160886634002,33.795951065838565,34.051560752715574,10852
2024-01-31 12:00:00,34.45230223669117,34.620331290258456,34.290640958071144,34.180291697169785,73711
2024-01-31 16:00:00,35.253496959055205,35.40645406328347,34.99905048953345,35.22530790057755,26106
2024-01-31 20:00:00,34.69495781616154,35.02308186216257,34.672391645905584,34.59304068088993,95928
2024-02-01 00:00:00,35.961844346355534,36.255700103027706,35.68564177935952,35.792308224047915,98788
2024-02-01 04:00:00,36.2230360796127,36.50796656191776,35.89992999038953,36.42862216891439,55097
2024-02-01 08:00:00,36.303629077136236,36.483075998661626,36.16755678249634,36.2975077931845,25228
2024-02-01 12:00:00,35.990473513836186,36.34072270130165,35.90954695845731,36.17629899823706,64616
2024-02-01 16:00:00,36.191671173691844,36.4882878650321,35.84728778644471,36.34262803616219,71702
2024-02-01 20:00:00,36.22886748551797,36.43373453437718,36.198606667039144,36.505435253360346,48161
2024-02-02 00:00:00,37.409455286787775,37.462682268762656,36.97536385631092,37.17387801460866,84469
2024-02-02 04:00:00,38.79218379942149,38.97979960503284,38.71644570844208,38.77890960625519,32839
2024-02-02 08:00:00,38.7164700521218,39.14635124838487,38.33577554103251,38.8950159113319,70442
2024-02-02 12:00:00,39.759189668847284,40.12830295177991,39.48611059494915,40.13778700777363,85818
2024-02-02 16:00:00,39.37622101931127,39.67316257697734,39.3101312568659,39.49618330505234,87485
2024-02-02 20:00:00,39.3647643466055,39.84691811524214,39.09892161820738,39.71337580791863,69778
2024-02-03 00:00:00,38.787567520809304,39.26639666901386,38.584696144101756,39.155875070773895,87819
2024-02-03 04:00:00,39.22927703639019,39.477597004187274,38.87810763379968,39.280965730194595,61315
2024-02-03 08:00:00,39.290280575902365,39.46779771181759,39.13483022986687,39.216536209185435,49650
2024-02-03 12:00:00,41.357054360347206,41.50478442158746,41.110817888803886,41.34523536236932,13290
2024-02-03 16:00:00,40.42238764513752,40.75305652432842,40.18731926250206,40.53358930484307,85582
2024-02-03 20:00:00,41.87950464924413,42.181736145836965,41.58057684787395,41.73851888484625,52556
2024-02-04 00:00:00,41.012915445872075,41.414784052319064,40.64872523900198,40.93948398015861,55709
2024-02-04 04:00:00,40.232716252555775,40.476240093803185,39.93750159608776,40.29452367924617,63734
2024-02-04 08:00:00,41.74682476901292,42.018163373942215,41.7461885766361,42.00724417006526,19907
2024-02-04 12:00:00,43.91050934827719,44.355438479214236,43.59416626383618,43.8610692487718,84208
2024-02-04 16:00:00,43.62863229363458,43.97449186820557,42.997247018098015,43.40041211671771,80623
2024-02-04 20:00:00,44.03683378825559,44.413696499793204,43.99799854292566,44.14036229044221,20415
2024-02-05 00:00:00,43.77598937549768,44.25166377787923,43.72365106879756,44.12963827373652,18745
2024-02-05 04:00:00,44.9557716515081,45.14187314878029,44.77587982134267,44.94010001348195,65233
2024-02-05 08:00:00,44.125478362172444,44.356725216486254,43.74012678427726,44.16287717978705,13921
2024-02-05 12:00:00,43.922136625139366,44.3233989146397,43.636758171715584,44.23709735950025,65460
2024-02-05 16:00:00,43.871533623393525,44.043604403194095,43.852206138294406,43.81333782617051,42762
2024-02-05 20:00:00,43.259706032643685,43.75327122208567,43.19519944427659,43.31198985971341,29649
2024-02-06 00:00:00,42.35487779340682,42.829033189622784,42.171334229277676,42.486407149803505,39569
2024-02-06 04:00:00,42.04857033977825,42.23786235325116,41.82084285554711,42.108482284296684,37233
2024-02-06 08:00:00,41.8612631479705,42.28135802811392,41.56006788785098,41.86661642194349,15757
2024-02-06 12:00:00,42.11190657100702,42.41460192916506,41.69032804317981,42.192691966397895,72198
2024-02-06 16:00:00,42.100975002647175,42.11347923933377,41.81352704084947,42.18527441946388,93815
2024-02-06 20:00:00,43.14602594184057,43.19925920813756,42.843546768373685,43.14557816788788,10840
2024-02-07 00:00:00,43.36583136811269,43.4960452638445,43.11177438186123,43.099507259097194,73575
2024-02-07 04:00:00,43.396338246429515,43.44437605799708,43.103803959091636,43.38324767773894,24203
2024-02-07 08:00:00,44.2635882708026,44.397038802323884,43.872206882431186,44.264372354301706,59327
2024-02-07 12:00:00,44.11598542223885,44.24655368170206,43.939865338360946,43.8205777250721,98775
2024-02-07 16:00:00,44.34776965629821,44.78309074602158,43.862102368086035,44.30318419384318,29535
2024-02-07 20:00:00,44.67049011691285,44.78894331740548,44.35978466522643,44.804065321169354,87905
2024-02-08 00:00:00,44.64743113118844,45.214220014303294,44.22251623388308,44.76081351867135,47592
2024-02-08 04:00:00,44.55395850081332,44.86666506269922,44.085350783020296,44.52096515961456,54602
2024-02-08 08:00:00,46.33990254625396,46.53644200588265,46.12495827997057,46.348739260530685,44562
2024-02-08 12:00:00,47.33862739426508,47.92387148845806,47.20192548661633,47.344270759786326,12149
2024-02-08 16:00:00,46.74960225744913,47.276736920403025,46.45168304307333,46.71514847371189,15765
2024-02-08 20:00:00,44.76885468656015,45.05258061906655,44.47439870920183,44.92366223286761,92029
2024-02-09 00:00:00,46.718873978135704,47.10312000631754,46.286060011740645,46.71546733346965,75330
2024-02-09 04:00:00,46.8858113379532,47.328814863471585,46.82045344056938,46.752594175133105,41391
2024-02-09 08:00:00,49.51616072339303,49.9602333845076,49.246333057593084,49.53299833249487,46890
2024-02-09 12:00:00,48.3826573915036,48.763445822115806,48.17338654420028,48.405296196644294,16605
2024-02-09 16:00:00,47.60608018665903,47.757297311191394,47.15512421330265,47.71731209170726,84081
2024-02-09 20:00:00,46.62147844785143,47.07081189768763,46.43518095559078,46.98634893215985,41530
2024-02-10 00:00:00,46.03883675738442,46.258502827708746,45.968699800961495,46.02081118619154,19585
2024-02-10 04:00:00,45.87894187657406,46.060766269610106,45.79190498259578,45.81577452010279,52784
2024-02-10 08:00:00,46.55213599852239,46.741993075701814,46.36730845752497,46.672098800658574,36170
2024-02-10 12:00:00,45.70897213012982,46.07555963825401,45.22836665275378,45.42734357700295,60746
2024-02-10 16:00:00,44.45171830376952,44.61576657394308,44.367941515746985,44.42734540498667,44772
2024-02-10 20:00:00,44.7508627241081,44.8193970642195,44.371716649042106,44.73826247791178,41857
2024-02-11 00:00:00,45.644481414229986,46.08637499338548,45.19329742661476,45.873449573928,57985
2024-02-11 04:00:00,45.448879099897226,45.45559022990407,45.37678215196529,45.22092284920396,51932
2024-02-11 08:00:00,44.400163948622414,44.580408267332395,44.02622857359442,44.519959229607394,20678
2024-02-11 12:00:00,43.26224590688864,43.63592875570867,42.839285311269926,43.29361269455039,89525
2024-02-11 16:00:00,44.50987404777927,44.59050950235269,44.026777860099145,44.382517456052966,77060
2024-02-11 20:00:00,44.162404800953176,44.34143445960647,43.9036843892447,44.09123906595683,53339
2024-02-12 00:00:00,45.64576609334082,46.00581468156952,45.2623859368234,45.72890543425579,20502
2024-02-12 04:00:00,45.529717054405054,45.715437117464084,45.514945031120625,45.45501658320462,75716
2024-02-12 08:00:00,45.81881083293885,46.26492999896507,45.25956230550158,45.830974877937386,50083
2024-02-12 12:00:00,45.60265911355948,45.83892659917226,45.40636323785177,45.63024719953842,18030
2024-02-12 16:00:00,45.90425337841165,46.037252936361504,45.52020521274524,45.91466187773262,16181
2024-02-12 20:00:00,45.52416519078067,45.80046688827092,45.17452806186433,45.70309626504416,94114
2024-02-13 00:00:00,47.1713628800935,47.3968653760138,47.110724637014656,47.09011093535801,23609
2024-02-13 04:00:00,47.46049520531537,47.68605098610228,47.20607456760277,47.388289771664674,56711
2024-02-13 08:00:00,47.88091700408006,48.2297733823413,47.868420787254074,47.912836618172946,49659
2024-02-13 12:00:00,48.430571277434616,48.84079180106237,48.314403360402835,48.4320796937426,90776
2024-02-13 16:00:00,48.67785064844638,48.809505468113706,48.08701189143003,48.29252026054515,66807
2024-02-13 20:00:00,47.63494248740523,47.77357920309195,47.370361979322205,47.38356240769145,87002
2024-02-14 00:00:00,47.514999023451594,47.73330671437893,47.08193024822669,47.33539355918214,73646
2024-02-14 04:00:00,46.78642060891675,47.05852028660377,46.60821357056604,46.85371237142836,56743
2024-02-14 08:00:00,48.314105566599466,48.48979816831779,48.183137463294855,48.35286951972514,50716
2024-02-14 12:00:00,47.956402474856255,48.248035425207824,47.861813190408505,48.16989277374141,80222
2024-02-14 16:00:00,48.54816674484683,48.78515248683186,48.142476440036916,48.78104152119372,80818
2024-02-14 20:00:00,48.39281395596639,48.89103930152895,48.04350884554853,48.617017543496154,73781
2024-02-15 00:00:00,48.42823062121703,48.848254767272,47.871940167657336,48.142301864515375,93531
2024-02-15 04:00:00,46.59752147143042,46.778835719987065,46.396607380132366,46.93570948050321,50467
2024-02-15 08:00:00,47.35318127334447,47.51879916623646,46.751270953232826,46.92060308177032,35572
2024-02-15 12:00:00,48.653503499613294,48.99308792343597,48.12011422146947,48.730259395840875,25667
2024-02-15 16:00:00,47.1124073538449,47.65359181988239,47.01020698965867,47.27402254920574,13509
2024-02-15 20:00:00,47.26608215448846,47.460162729127184,47.105839828370975,47.21012125884479,92459
2024-02-16 00:00:00,47.28235895400278,47.38389706914966,47.03034545824579,47.49306477582829,32160
2024-02-16 04:00:00,47.67045763905353,47.932276144721314,47.350606725736135,47.61181359530292,52601
2024-02-16 08:00:00,47.94797296452452,48.2912003753198,47.83188448572525,47.894952344412324,43816
2024-02-16 12:00:00,48.22381325799644,48.6679368278905,47.70529176787837,47.84857496445727,60334
2024-02-16 16:00:00,48.25050951878581,48.88231630727621,47.84200144482726,48.54571802660988,22003
2024-02-16 20:00:00,49.33283401605729,49.448227683791465,49.07547749244722,49.62363216441823,96498
2024-02-17 00:00:00,48.51929770629031,48.571970935033995,47.97054614346371,48.50404625303385,26129
2024-02-17 04:00:00,48.033458087570594,48.255673733172905,47.55750197530021,48.338221224905276,55344
2024-02-17 08:00:00,48.32463668430618,48.796204795713976,48.14410518088098,48.502731913224494,44616
2024-02-17 12:00:00,49.18167288878219,49.42061789237323,48.73365034714882,48.99820436385378,45411
2024-02-17 16:00:00,48.75237036489871,49.14602809180296,48.562565951020815,48.930390730792155,44545
2024-02-17 20:00:00,50.11517353164323,50.74786260403058,49.92509656901404,50.090644563934866,98979
2024-02-18 00:00:00,50.80827694757558,50.947913189652745,50.54941433244999,50.52966864240791,60096
2024-02-18 04:00:00,50.920190357490625,51.5631145895954,50.52942565211274,51.36894391760463,21447
2024-02-18 08:00:00,51.86877331185976,52.197614639050975,51.686997075835215,51.92134303905761,26066
2024-02-18 12:00:00,51.424191729331106,52.035879575920184,51.084056479179274,51.69546435097781,45329
2024-02-18 16:00:00,52.60731514079119,53.10489106089784,52.148106412245234,52.50948896406473,81244
2024-02-18 20:00:00,52.30634455654876,52.37434275951783,51.760927080719014,52.294618846283285,29965
2024-02-19 00:00:00,51.027847428043216,51.258613639408395,50.63494530891453,51.24238232562319,90958
2024-02-19 04:00:00,52.003032910657616,52.30227337154115,51.538159336570466,52.37405993290275,49589
2024-02-19 08:00:00,52.81927480638225,53.09357984980459,52.24405306950303,52.54066128256968,25089
2024-02-19 12:00:00,53.37487055963254,53.592393253349535,53.057069043733335,53.714361930486064,56303
2024-02-19 16:00:00,53.35822941085863,53.954106124982204,53.28837673295325,53.69544691312818,44460
2024-02-19 20:00:00,54.06105481843843,54.51458161034097,53.729237269377194,54.454192968219274,53300
2024-02-20 00:00:00,53.763509276180116,53.7886386550178,53.092873215424284,53.7327336335807,98957
2024-02-20 04:00:00,53.12159726011291,53.12251513274012,52.53476469034897,52.755668603435126,83567
2024-02-20 08:00:00,53.2619544654899,53.644595401054566,52.93888125337988,53.43647422574283,31455
2024-02-20 12:00:00,53.415758531495165,53.66426550651102,52.929489285883434,53.68766958367743,71260
2024-02-20 16:00:00,55.93474250278814,56.20136664886289,55.40752283709101,55.86104989130495,73655
2024-02-20 20:00:00,54.465383440709516,55.07691633358181,54.30734626888117,54.56241809512691,31827
2024-02-21 00:00:00,54.142243925234034,54.35348197995614,53.82649034291244,54.17306078643279,15581
2024-02-21 04:00:00,54.594384863487285,55.30295648228658,54.073152752360876,54.876565974253346,76319
2024-02-21 08:00:00,55.17839221941135,55.542244835700224,54.83449241913645,55.20522871887486,20065
2024-02-21 12:00:00,53.74832764209732,54.180292623757026,53.344945068580515,54.053119730334416,63877
2024-02-21 16:00:00,54.131127745332094,54.671645343365995,53.91063256611654,54.107959286582044,29310
2024-02-21 20:00:00,52.21714131266362,52.2820909482458,51.81898996809649,52.04864635291246,74030
2024-02-22 00:00:00,51.6457143981086,52.05999649388864,51.61970719481285,51.658109310546905,98072
2024-02-22 04:00:00,51.83811638108991,52.0276299305738,51.670057755375936,52.153610150202006,31887
2024-02-22 08:00:00,52.28701549223985,52.49519441831305,51.785983092482944,52.19152086698544,59840
2024-02-22 12:00:00,51.82356692757763,52.17484398926089,51.429278546659525,51.884910592208364,31345
2024-02-22 16:00:00,52.422820137852945,52.66083462678139,52.19514673347467,52.434371450420166,45945
2024-02-22 20:00:00,53.053492418118175,53.174215021052156,52.892019565968816,52.7583862811744,65498
2024-02-23 00:00:00,52.154778649037645,52.50383470487591,51.886993738680125,52.344604070657994,29250
2024-02-23 04:00:00,52.72078390548492,52.93705557240205,52.64211880865688,52.52431056040097,63036
2024-02-23 08:00:00,53.88921078843558,54.0541597203973,53.359158221741154,54.06255175871099,39786
2024-02-23 12:00:00,52.183421573092545,52.6772545020566,51.711492672134376,52.11533591874178,47109
2024-02-23 16:00:00,52.772411940820284,53.13827457281446,52.50919954260109,52.69081343781477,67642
2024-02-23 20:00:00,52.775482285161964,53.466700619178646,52.391059244987474,53.036126990672905,24944
2024-02-24 00:00:00,53.69361868345624,54.080048303933324,53.31864388739542,53.57804486211445,41209
2024-02-24 04:00:00,53.84113414715849,54.3419764803838,53.35120899879733,53.827765170364735,74229
2024-02-24 08:00:00,55.061197486293274,55.35145836655468,54.6892394533893,54.62620353768383,88901
2024-02-24 12:00:00,53.07062661998794,53.48425459505185,52.97873712869425,53.35105317983647,53715
2024-02-24 16:00:00,53.972779358070255,54.35361077897338,53.44220316741149,54.15403010292697,15081
2024-02-24 20:00:00,53.61509201787786,53.84134624415204,53.2266387746759,53.393114839922156,36294
2024-02-25 00:00:00,56.25941446378974,56.30842351815156,55.63646040223346,55.765128437592104,57415
2024-02-25 04:00:00,56.365037740693296,56.38553248900308,56.015833102915714,56.36437227828062,31848
2024-02-25 08:00:00,57.36836370814415,57.57657757390957,57.33720201111647,57.29244097100893,26990
2024-02-25 12:00:00,56.417203302123475,56.722095121642305,56.22305616336692,56.57267868055745,57444
2024-02-25 16:00:00,56.299197987689446,56.65634993081639,56.28686853032562,56.629372868470554,60334
2024-02-25 20:00:00,56.42436101144614,56.95785677966903,56.272653698152894,56.33640239966272,92345
2024-02-26 00:00:00,55.520850257406714,55.78325698845432,55.413278920528654,55.58318254669595,58958
2024-02-26 04:00:00,55.837952335381395,55.90435035590046,55.14639581502005,55.359156881342095,42752
2024-02-26 08:00:00,55.95731440124265,56.49817082761371,55.55657851687963,56.12693014343908,33511
2024-02-26 12:00:00,56.66437370073133,56.671828255077344,56.26044266189939,56.720871399768036,30447
2024-02-26 16:00:00,55.85632025930601,55.90225647375958,55.50337022447664,55.75765728912691,35658
2024-02-26 20:00:00,56.377104500600886,56.559893062942415,56.020002558552804,56.31869287308147,26494
2024-02-27 00:00:00,57.128140847091984,57.28051975729735,56.80623691380021,57.174242593283374,69321
2024-02-27 04:00:00,56.90254852477753,57.18319539017498,56.15490698053436,56.84125607718587,13745
2024-02-27 08:00:00,57.25344625647052,57.7115270088858,56.97636651483937,57.4871121923045,23047
2024-02-27 12:00:00,59.67965410887795,59.90984770324944,59.22988853518845,60.14553395586018,11369
2024-02-27 16:00:00,57.74898899161611,58.058742799132325,57.59246919352145,57.65565164465755,11769
2024-02-27 20:00:00,57.8569640461092,57.91601431257479,57.76614939226939,57.86456029322715,15133
2024-02-28 00:00:00,57.66831755468609,57.67944461531394,57.0677149860734,57.782041841433816,79038
2024-02-28 04:00:00,58.993830635713074,59.56834633050959,58.98402977919882,59.29644634235691,73086
2024-02-28 08:00:00,59.06751500971971,59.107707734453356,58.7346862528246,58.74538810418197,92679
2024-02-28 12:00:00,57.25580947116749,57.84092692891989,56.7664391516807,57.529519686230735,76855
2024-02-28 16:00:00,57.131155468087286,57.28377471245467,56.50717194924138,56.844467834633384,36736
2024-02-28 20:00:00,55.4068541256421,55.91551499429879,54.9945537900165,55.7723638644608,10324
2024-02-29 00:00:00,56.20880889224987,56.684926568392896,55.9542492652806,56.0405791304166,40811
2024-02-29 04:00:00,57.97341518409989,58.25587682608458,57.70436517180743,58.13651852248618,80558
2024-02-29 08:00:00,58.54593336688663,58.74547859420624,58.25017453459091,58.0436602866797,74520
2024-02-29 12:00:00,58.17103209317419,58.3682961973452,57.5790283152374,58.06395175514996,94722
2024-02-29 16:00:00,56.10737320880044,56.58042733857689,55.70333350134444,56.172068533589815,98660
2024-02-29 20:00:00,54.62901470152394,54.665889438825,54.403359763438104,54.627256538811835,20041
2024-03-01 00:00:00,53.79789040420111,54.08167475877803,53.70590693781158,53.88181254749076,52562
2024-03-01 04:00:00,54.15448595483829,54.37710262329962,53.560911378854215,54.06359003166944,61320
2024-03-01 08:00:00,52.44742926923042,52.536448868182205,52.09773016390763,52.62651880830378,79068
2024-03-01 12:00:00,52.2387781746987,52.83879243232199,52.23684948384062,52.47663646796955,85502
2024-03-01 16:00:00,52.21536911550633,52.53378539040253,51.71231026004399,52.100694837112414,14172
2024-03-01 20:00:00,51.197309830831074,51.530784404447346,50.473272380752206,51.106533513216235,60365
2024-03-02 00:00:00,51.139641725445614,51.69733983130012,50.761097473915875,51.165178648920104,41817
2024-03-02 04:00:00,52.12685462851335,52.51804626222041,51.869463972300416,51.915606104891005,76126
2024-03-02 08:00:00,51.58076800838307,51.77726711021691,50.94574493225647,51.235207433854924,62686
2024-03-02 12:00:00,50.920513056300955,50.99919831642827,50.352512793903855,50.509001545969134,17398
2024-03-02 16:00:00,50.49930810362438,50.95420273137432,50.351724945855004,50.5635234136801,75034
2024-03-02 20:00:00,51.00819170825324,51.2780729184424,50.71278243159765,51.09273972150405,90002
2024-03-03 00:00:00,52.17801975259193,52.62885411516991,52.02165501323627,52.01844098216006,84662
2024-03-03 04:00:00,52.28970488779399,52.8103411191175,52.03743497116045,52.39327393488199,39917
2024-03-03 08:00:00,51.78806524059438,52.32837642524544,51.53230400551361,51.80583962334325,41957
2024-03-03 12:00:00,51.74220203195015,52.05730772553736,51.68810592497199,51.69874043791587,23324
2024-03-03 16:00:00,49.391441020549735,49.66939426274541,49.044103749582284,49.465097651453114,58705
2024-03-03 20:00:00,49.209315001915144,49.447908139323715,49.111884129368015,49.56820648977732,58663
2024-03-04 00:00:00,49.36003368124257,49.71763882273776,48.944276643052234,48.93546151076916,37065
2024-03-04 04:00:00,49.00013036321865,49.40190413772329,48.55157436231816,49.01021966504987,32929
2024-03-04 08:00:00,48.08764111879933,48.08844702692035,47.776166561495565,47.838911999910685,91410
2024-03-04 12:00:00,47.09546317213182,47.48923683490862,46.98781584233752,46.87213780730566,10844
2024-03-04 16:00:00,46.59986461162375,47.05298389454225,46.31382596851142,46.698482597815214,21641
2024-03-04 20:00:00,47.1886977439484,47.38081558099205,46.72001923273487,47.37744331633029,54956
2024-03-05 00:00:00,47.5044487616664,47.63740661076697,47.22998320894016,47.387920090753305,74331
2024-03-05 04:00:00,48.82462550815275,48.94047533817062,48.59165015179348,48.5366712232374,97038
2024-03-05 08:00:00,50.32433447861586,50.491003968205995,49.98382413654328,50.32069408529201,31430
2024-03-05 12:00:00,49.504605852094855,49.6455759077668,49.11368855611686,49.39637414633406,86089
2024-03-05 16:00:00,49.27452331007607,49.663470776555336,48.84990402390267,48.83384723694491,79749
2024-03-05 20:00:00,49.28111714718465,49.63514598697209,48.89945831033969,49.00413035648631,43823
2024-03-06 00:00:00,49.27776660454997,49.79589821037842,48.875242495480876,49.41937249346948,78070
2024-03-06 04:00:00,49.46755795419383,49.48337905463693,48.782145388459895,49.45552821265041,31191
2024-03-06 08:00:00,50.61464657861867,51.047799040894766,50.38960956457056,50.483247735210526,67818
2024-03-06 12:00:00,49.55282028132025,49.95714881984093,49.0734029233029,49.64766596961906,78804
2024-03-06 16:00:00,49.10841560762267,49.44346294888316,48.68779235098858,49.03385125398633,71064
2024-03-06 20:00:00,48.75137417456448,49.14933851948664,48.47183251717579,48.96262671325342,52492
2024-03-07 00:00:00,49.62939543522675,49.65230978305341,49.42309882341503,49.722689268838295,86333
2024-03-07 04:00:00,49.97475233869696,50.10742841213064,49.78858092602366,50.16305372696184,83451
2024-03-07 08:00:00,50.492942853600084,50.951434569198454,50.18013240627384,50.63887925016886,56061
2024-03-07 12:00:00,49.636426144653555,50.13876052542837,49.635026521056325,49.50847339925173,79309
2024-03-07 16:00:00,49.99138353670595,50.543062935292895,49.60298471264072,50.03751717699622,33503
2024-03-07 20:00:00,50.45181738241986,50.98330231161668,50.1071507814158,50.704746979937234,25964
2024-03-08 00:00:00,48.12156306998874,48.330818581154524,47.97788352813891,48.06895686393344,26250
